<?xml version="1.0" encoding="UTF-8"?>
<DEFECTS>
  <DEFECT>
    <SFA>
      <FILEPATH>C:\Users\The Kids\source\repos\Physics Engine\src\geometry\</FILEPATH>
      <FILENAME>Math.cpp</FILENAME>
      <LINE>69</LINE>
      <COLUMN>53</COLUMN>
    </SFA>
    <DEFECTCODE>26451</DEFECTCODE>
    <DESCRIPTION>Arithmetic overflow: Using operator '*' on a 4 byte value and then casting the result to a 8 byte value. Cast the value to the wider type before calling operator '*' to avoid overflow (io.2).</DESCRIPTION>
    <FUNCTION>geo::FastSqrt</FUNCTION>
    <DECORATED>?FastSqrt@geo@@YANN@Z</DECORATED>
    <FUNCLINE>64</FUNCLINE>
    <PATH></PATH>
  </DEFECT>
  <DEFECT>
    <SFA>
      <FILEPATH>C:\Users\The Kids\source\repos\Physics Engine\src\geometry\</FILEPATH>
      <FILENAME>Math.cpp</FILENAME>
      <LINE>69</LINE>
      <COLUMN>47</COLUMN>
    </SFA>
    <DEFECTCODE>26451</DEFECTCODE>
    <DESCRIPTION>Arithmetic overflow: Using operator '*' on a 4 byte value and then casting the result to a 8 byte value. Cast the value to the wider type before calling operator '*' to avoid overflow (io.2).</DESCRIPTION>
    <FUNCTION>geo::FastSqrt</FUNCTION>
    <DECORATED>?FastSqrt@geo@@YANN@Z</DECORATED>
    <FUNCLINE>64</FUNCLINE>
    <PATH></PATH>
  </DEFECT>
  <DEFECT>
    <SFA>
      <FILEPATH>C:\Users\The Kids\source\repos\Physics Engine\src\geometry\</FILEPATH>
      <FILENAME>Math.cpp</FILENAME>
      <LINE>69</LINE>
      <COLUMN>43</COLUMN>
    </SFA>
    <DEFECTCODE>26451</DEFECTCODE>
    <DESCRIPTION>Arithmetic overflow: Using operator '*' on a 4 byte value and then casting the result to a 8 byte value. Cast the value to the wider type before calling operator '*' to avoid overflow (io.2).</DESCRIPTION>
    <FUNCTION>geo::FastSqrt</FUNCTION>
    <DECORATED>?FastSqrt@geo@@YANN@Z</DECORATED>
    <FUNCLINE>64</FUNCLINE>
    <PATH></PATH>
  </DEFECT>
  <DEFECT>
    <SFA>
      <FILEPATH>C:\Users\The Kids\source\repos\Physics Engine\src\geometry\</FILEPATH>
      <FILENAME>Math.cpp</FILENAME>
      <LINE>69</LINE>
      <COLUMN>26</COLUMN>
    </SFA>
    <DEFECTCODE>26451</DEFECTCODE>
    <DESCRIPTION>Arithmetic overflow: Using operator '-' on a 4 byte value and then casting the result to a 8 byte value. Cast the value to the wider type before calling operator '-' to avoid overflow (io.2).</DESCRIPTION>
    <FUNCTION>geo::FastSqrt</FUNCTION>
    <DECORATED>?FastSqrt@geo@@YANN@Z</DECORATED>
    <FUNCLINE>64</FUNCLINE>
    <PATH></PATH>
  </DEFECT>
</DEFECTS>