<?xml version="1.0" encoding="UTF-8"?>
<DEFECTS>
  <DEFECT>
    <SFA>
      <FILEPATH>C:\Users\The Kids\source\repos\Physics Engine\src\geometry\</FILEPATH>
      <FILENAME>Matrix.cpp</FILENAME>
      <LINE>9</LINE>
      <COLUMN>9</COLUMN>
    </SFA>
    <DEFECTCODE>26495</DEFECTCODE>
    <DESCRIPTION>Variable 'geo::Matrix::_width' is uninitialized. Always initialize a member variable (type.6).</DESCRIPTION>
    <FUNCTION>geo::Matrix::{ctor}</FUNCTION>
    <DECORATED>??0Matrix@geo@@QEAA@XZ</DECORATED>
    <FUNCLINE>9</FUNCLINE>
    <ADDITIONALINFO>
      <targetSymbol>geo::Matrix::_width</targetSymbol>
    </ADDITIONALINFO>
    <PATH></PATH>
  </DEFECT>
  <DEFECT>
    <SFA>
      <FILEPATH>C:\Users\The Kids\source\repos\Physics Engine\src\geometry\</FILEPATH>
      <FILENAME>Matrix.cpp</FILENAME>
      <LINE>9</LINE>
      <COLUMN>9</COLUMN>
    </SFA>
    <DEFECTCODE>26495</DEFECTCODE>
    <DESCRIPTION>Variable 'geo::Matrix::_height' is uninitialized. Always initialize a member variable (type.6).</DESCRIPTION>
    <FUNCTION>geo::Matrix::{ctor}</FUNCTION>
    <DECORATED>??0Matrix@geo@@QEAA@XZ</DECORATED>
    <FUNCLINE>9</FUNCLINE>
    <ADDITIONALINFO>
      <targetSymbol>geo::Matrix::_height</targetSymbol>
    </ADDITIONALINFO>
    <PATH></PATH>
  </DEFECT>
  <DEFECT>
    <SFA>
      <FILEPATH>C:\Users\The Kids\source\repos\Physics Engine\src\geometry\</FILEPATH>
      <FILENAME>Matrix.cpp</FILENAME>
      <LINE>13</LINE>
      <COLUMN>9</COLUMN>
    </SFA>
    <DEFECTCODE>26495</DEFECTCODE>
    <DESCRIPTION>Variable 'geo::Matrix::_width' is uninitialized. Always initialize a member variable (type.6).</DESCRIPTION>
    <FUNCTION>geo::Matrix::{ctor}</FUNCTION>
    <DECORATED>??0Matrix@geo@@QEAA@$$QEAU01@@Z</DECORATED>
    <FUNCLINE>13</FUNCLINE>
    <ADDITIONALINFO>
      <targetSymbol>geo::Matrix::_width</targetSymbol>
    </ADDITIONALINFO>
    <PATH></PATH>
  </DEFECT>
  <DEFECT>
    <SFA>
      <FILEPATH>C:\Users\The Kids\source\repos\Physics Engine\src\geometry\</FILEPATH>
      <FILENAME>Matrix.cpp</FILENAME>
      <LINE>13</LINE>
      <COLUMN>9</COLUMN>
    </SFA>
    <DEFECTCODE>26495</DEFECTCODE>
    <DESCRIPTION>Variable 'geo::Matrix::_height' is uninitialized. Always initialize a member variable (type.6).</DESCRIPTION>
    <FUNCTION>geo::Matrix::{ctor}</FUNCTION>
    <DECORATED>??0Matrix@geo@@QEAA@$$QEAU01@@Z</DECORATED>
    <FUNCLINE>13</FUNCLINE>
    <ADDITIONALINFO>
      <targetSymbol>geo::Matrix::_height</targetSymbol>
    </ADDITIONALINFO>
    <PATH></PATH>
  </DEFECT>
  <DEFECT>
    <SFA>
      <FILEPATH>C:\Users\The Kids\source\repos\Physics Engine\src\geometry\</FILEPATH>
      <FILENAME>Matrix.cpp</FILENAME>
      <LINE>19</LINE>
      <COLUMN>9</COLUMN>
    </SFA>
    <DEFECTCODE>26495</DEFECTCODE>
    <DESCRIPTION>Variable 'geo::Matrix::_width' is uninitialized. Always initialize a member variable (type.6).</DESCRIPTION>
    <FUNCTION>geo::Matrix::{ctor}</FUNCTION>
    <DECORATED>??0Matrix@geo@@QEAA@AEBU01@@Z</DECORATED>
    <FUNCLINE>19</FUNCLINE>
    <ADDITIONALINFO>
      <targetSymbol>geo::Matrix::_width</targetSymbol>
    </ADDITIONALINFO>
    <PATH></PATH>
  </DEFECT>
  <DEFECT>
    <SFA>
      <FILEPATH>C:\Users\The Kids\source\repos\Physics Engine\src\geometry\</FILEPATH>
      <FILENAME>Matrix.cpp</FILENAME>
      <LINE>19</LINE>
      <COLUMN>9</COLUMN>
    </SFA>
    <DEFECTCODE>26495</DEFECTCODE>
    <DESCRIPTION>Variable 'geo::Matrix::_height' is uninitialized. Always initialize a member variable (type.6).</DESCRIPTION>
    <FUNCTION>geo::Matrix::{ctor}</FUNCTION>
    <DECORATED>??0Matrix@geo@@QEAA@AEBU01@@Z</DECORATED>
    <FUNCLINE>19</FUNCLINE>
    <ADDITIONALINFO>
      <targetSymbol>geo::Matrix::_height</targetSymbol>
    </ADDITIONALINFO>
    <PATH></PATH>
  </DEFECT>
  <DEFECT>
    <SFA>
      <FILEPATH>C:\Users\The Kids\source\repos\Physics Engine\src\geometry\</FILEPATH>
      <FILENAME>Matrix.cpp</FILENAME>
      <LINE>49</LINE>
      <COLUMN>12</COLUMN>
    </SFA>
    <DEFECTCODE>6386</DEFECTCODE>
    <DESCRIPTION>Buffer overrun while writing to 'array'.</DESCRIPTION>
    <FUNCTION>geo::Matrix::=</FUNCTION>
    <DECORATED>??4Matrix@geo@@QEAAAEAU01@AEBU01@@Z</DECORATED>
    <FUNCLINE>42</FUNCLINE>
    <PROBABILITY>1</PROBABILITY>
    <RANK>4</RANK>
    <CATEGORY>
      <RULECATEGORY>mspft</RULECATEGORY>
    </CATEGORY>
    <PATH>
      <SFA>
        <FILEPATH>C:\Users\The Kids\source\repos\Physics Engine\src\geometry\</FILEPATH>
        <FILENAME>Matrix.cpp</FILENAME>
        <LINE>44</LINE>
        <COLUMN>2</COLUMN>
      </SFA>
      <SFA>
        <FILEPATH>C:\Users\The Kids\source\repos\Physics Engine\src\geometry\</FILEPATH>
        <FILENAME>Matrix.cpp</FILENAME>
        <LINE>45</LINE>
        <COLUMN>8</COLUMN>
      </SFA>
      <SFA>
        <FILEPATH>C:\Users\The Kids\source\repos\Physics Engine\src\geometry\</FILEPATH>
        <FILENAME>Matrix.cpp</FILENAME>
        <LINE>46</LINE>
        <COLUMN>9</COLUMN>
      </SFA>
      <SFA>
        <FILEPATH>C:\Users\The Kids\source\repos\Physics Engine\src\geometry\</FILEPATH>
        <FILENAME>Matrix.cpp</FILENAME>
        <LINE>47</LINE>
        <COLUMN>10</COLUMN>
      </SFA>
      <SFA>
        <FILEPATH>C:\Users\The Kids\source\repos\Physics Engine\src\geometry\</FILEPATH>
        <FILENAME>Matrix.cpp</FILENAME>
        <LINE>48</LINE>
        <COLUMN>14</COLUMN>
      </SFA>
      <SFA>
        <FILEPATH>C:\Users\The Kids\source\repos\Physics Engine\src\geometry\</FILEPATH>
        <FILENAME>Matrix.cpp</FILENAME>
        <LINE>48</LINE>
        <COLUMN>23</COLUMN>
        <KEYEVENT>
          <ID>1</ID>
          <KIND>branch</KIND>
          <IMPORTANCE>Full</IMPORTANCE>
          <MESSAGE>Enter this loop, (assume 'i&lt;_height*_width')</MESSAGE>
        </KEYEVENT>
      </SFA>
      <SFA>
        <FILEPATH>C:\Users\The Kids\source\repos\Physics Engine\src\geometry\</FILEPATH>
        <FILENAME>Matrix.cpp</FILENAME>
        <LINE>49</LINE>
        <COLUMN>12</COLUMN>
      </SFA>
      <SFA>
        <FILEPATH>C:\Users\The Kids\source\repos\Physics Engine\src\geometry\</FILEPATH>
        <FILENAME>Matrix.cpp</FILENAME>
        <LINE>48</LINE>
        <COLUMN>44</COLUMN>
        <KEYEVENT>
          <ID>2</ID>
          <KIND>declaration</KIND>
          <IMPORTANCE>Essential</IMPORTANCE>
          <MESSAGE>'i' may equal 1</MESSAGE>
        </KEYEVENT>
      </SFA>
      <SFA>
        <FILEPATH>C:\Users\The Kids\source\repos\Physics Engine\src\geometry\</FILEPATH>
        <FILENAME>Matrix.cpp</FILENAME>
        <LINE>48</LINE>
        <COLUMN>23</COLUMN>
        <KEYEVENT>
          <ID>3</ID>
          <KIND>branch</KIND>
          <IMPORTANCE>Full</IMPORTANCE>
          <MESSAGE>Continue this loop, (assume 'i&lt;_height*_width')</MESSAGE>
        </KEYEVENT>
      </SFA>
      <SFA>
        <FILEPATH>C:\Users\The Kids\source\repos\Physics Engine\src\geometry\</FILEPATH>
        <FILENAME>Matrix.cpp</FILENAME>
        <LINE>49</LINE>
        <COLUMN>12</COLUMN>
        <KEYEVENT>
          <ID>4</ID>
          <KIND>usage</KIND>
          <IMPORTANCE>Essential</IMPORTANCE>
          <MESSAGE>Invalid write to 'array[1]', (writable range is 0 to 0)</MESSAGE>
        </KEYEVENT>
      </SFA>
    </PATH>
  </DEFECT>
  <DEFECT>
    <SFA>
      <FILEPATH>C:\Users\The Kids\source\repos\Physics Engine\src\geometry\</FILEPATH>
      <FILENAME>Matrix.cpp</FILENAME>
      <LINE>77</LINE>
      <COLUMN>30</COLUMN>
    </SFA>
    <DEFECTCODE>26451</DEFECTCODE>
    <DESCRIPTION>Arithmetic overflow: Using operator '-' on a 4 byte value and then casting the result to a 8 byte value. Cast the value to the wider type before calling operator '-' to avoid overflow (io.2).</DESCRIPTION>
    <FUNCTION>geo::Matrix::GetDeterminant</FUNCTION>
    <DECORATED>?GetDeterminant@Matrix@geo@@QEBAHXZ</DECORATED>
    <FUNCLINE>63</FUNCLINE>
    <PATH></PATH>
  </DEFECT>
  <DEFECT>
    <SFA>
      <FILEPATH>C:\Users\The Kids\source\repos\Physics Engine\src\geometry\</FILEPATH>
      <FILENAME>Matrix.cpp</FILENAME>
      <LINE>77</LINE>
      <COLUMN>45</COLUMN>
    </SFA>
    <DEFECTCODE>26451</DEFECTCODE>
    <DESCRIPTION>Arithmetic overflow: Using operator '-' on a 4 byte value and then casting the result to a 8 byte value. Cast the value to the wider type before calling operator '-' to avoid overflow (io.2).</DESCRIPTION>
    <FUNCTION>geo::Matrix::GetDeterminant</FUNCTION>
    <DECORATED>?GetDeterminant@Matrix@geo@@QEBAHXZ</DECORATED>
    <FUNCLINE>63</FUNCLINE>
    <PATH></PATH>
  </DEFECT>
  <DEFECT>
    <SFA>
      <FILEPATH>C:\Users\The Kids\source\repos\Physics Engine\src\geometry\</FILEPATH>
      <FILENAME>Matrix.cpp</FILENAME>
      <LINE>85</LINE>
      <COLUMN>18</COLUMN>
    </SFA>
    <DEFECTCODE>26451</DEFECTCODE>
    <DESCRIPTION>Arithmetic overflow: Using operator '-' on a 4 byte value and then casting the result to a 8 byte value. Cast the value to the wider type before calling operator '-' to avoid overflow (io.2).</DESCRIPTION>
    <FUNCTION>geo::Matrix::GetDeterminant</FUNCTION>
    <DECORATED>?GetDeterminant@Matrix@geo@@QEBAHXZ</DECORATED>
    <FUNCLINE>63</FUNCLINE>
    <PATH></PATH>
  </DEFECT>
</DEFECTS>