<?xml version="1.0" encoding="UTF-8"?>
<DEFECTS>
  <DEFECT>
    <SFA>
      <FILEPATH>C:\Users\The Kids\source\repos\Physics Engine\include\SFML\Graphics\</FILEPATH>
      <FILENAME>Glyph.hpp</FILENAME>
      <LINE>49</LINE>
      <COLUMN>4</COLUMN>
    </SFA>
    <DEFECTCODE>26495</DEFECTCODE>
    <DESCRIPTION>Variable 'sf::Glyph::rsbDelta' is uninitialized. Always initialize a member variable (type.6).</DESCRIPTION>
    <FUNCTION>sf::Glyph::{ctor}</FUNCTION>
    <DECORATED>??0Glyph@sf@@QEAA@XZ</DECORATED>
    <FUNCLINE>49</FUNCLINE>
    <ADDITIONALINFO>
      <targetSymbol>sf::Glyph::rsbDelta</targetSymbol>
    </ADDITIONALINFO>
    <PATH></PATH>
  </DEFECT>
  <DEFECT>
    <SFA>
      <FILEPATH>C:\Users\The Kids\source\repos\Physics Engine\include\SFML\Graphics\</FILEPATH>
      <FILENAME>Glyph.hpp</FILENAME>
      <LINE>49</LINE>
      <COLUMN>4</COLUMN>
    </SFA>
    <DEFECTCODE>26495</DEFECTCODE>
    <DESCRIPTION>Variable 'sf::Glyph::lsbDelta' is uninitialized. Always initialize a member variable (type.6).</DESCRIPTION>
    <FUNCTION>sf::Glyph::{ctor}</FUNCTION>
    <DECORATED>??0Glyph@sf@@QEAA@XZ</DECORATED>
    <FUNCLINE>49</FUNCLINE>
    <ADDITIONALINFO>
      <targetSymbol>sf::Glyph::lsbDelta</targetSymbol>
    </ADDITIONALINFO>
    <PATH></PATH>
  </DEFECT>
  <DEFECT>
    <SFA>
      <FILEPATH>C:\Users\The Kids\source\repos\Physics Engine\src\physics\Collision\</FILEPATH>
      <FILENAME>PolygonCollision.cpp</FILENAME>
      <LINE>50</LINE>
      <COLUMN>46</COLUMN>
    </SFA>
    <DEFECTCODE>26451</DEFECTCODE>
    <DESCRIPTION>Arithmetic overflow: Using operator '+' on a 4 byte value and then casting the result to a 8 byte value. Cast the value to the wider type before calling operator '+' to avoid overflow (io.2).</DESCRIPTION>
    <FUNCTION>physics::algo::PolygonCircleCollision</FUNCTION>
    <DECORATED>?PolygonCircleCollision@algo@physics@@YA?AUCollisionPoints@2@PEBUPolygonCollider@2@AEBUTransform@2@PEBUCircleCollider@2@1@Z</DECORATED>
    <FUNCLINE>18</FUNCLINE>
    <PATH></PATH>
  </DEFECT>
  <DEFECT>
    <SFA>
      <FILEPATH>C:\Users\The Kids\source\repos\Physics Engine\src\physics\Collision\</FILEPATH>
      <FILENAME>PolygonCollision.cpp</FILENAME>
      <LINE>106</LINE>
      <COLUMN>27</COLUMN>
    </SFA>
    <DEFECTCODE>26451</DEFECTCODE>
    <DESCRIPTION>Arithmetic overflow: Using operator '+' on a 4 byte value and then casting the result to a 8 byte value. Cast the value to the wider type before calling operator '+' to avoid overflow (io.2).</DESCRIPTION>
    <FUNCTION>physics::algo::VectorInPolygon</FUNCTION>
    <DECORATED>?VectorInPolygon@algo@physics@@YA_NV?$vector@UVector2@geo@@V?$allocator@UVector2@geo@@@std@@@std@@AEBUVector2@geo@@@Z</DECORATED>
    <FUNCLINE>96</FUNCLINE>
    <PATH></PATH>
  </DEFECT>
  <DEFECT>
    <SFA>
      <FILEPATH>C:\Users\The Kids\source\repos\Physics Engine\src\physics\Collision\</FILEPATH>
      <FILENAME>PolygonCollision.cpp</FILENAME>
      <LINE>320</LINE>
      <COLUMN>20</COLUMN>
    </SFA>
    <DEFECTCODE>6386</DEFECTCODE>
    <DESCRIPTION>Buffer overrun while writing to 'out'.</DESCRIPTION>
    <FUNCTION>physics::algo::Clip</FUNCTION>
    <DECORATED>?Clip@algo@physics@@YAHUVector2@geo@@NPEAU34@@Z</DECORATED>
    <FUNCLINE>303</FUNCLINE>
    <PROBABILITY>1</PROBABILITY>
    <RANK>4</RANK>
    <CATEGORY>
      <RULECATEGORY>mspft</RULECATEGORY>
    </CATEGORY>
    <PATH>
      <SFA>
        <FILEPATH>C:\Users\The Kids\source\repos\Physics Engine\src\physics\Collision\</FILEPATH>
        <FILENAME>PolygonCollision.cpp</FILENAME>
        <LINE>305</LINE>
        <COLUMN>12</COLUMN>
      </SFA>
      <SFA>
        <FILEPATH>C:\Users\The Kids\source\repos\Physics Engine\src\physics\Collision\</FILEPATH>
        <FILENAME>PolygonCollision.cpp</FILENAME>
        <LINE>306</LINE>
        <COLUMN>21</COLUMN>
        <KEYEVENT>
          <ID>1</ID>
          <KIND>declaration</KIND>
          <IMPORTANCE>Essential</IMPORTANCE>
          <MESSAGE>'out' is an array of 2 elements (32 bytes)</MESSAGE>
        </KEYEVENT>
      </SFA>
      <SFA>
        <FILEPATH>C:\Users\The Kids\source\repos\Physics Engine\src\physics\Collision\</FILEPATH>
        <FILENAME>PolygonCollision.cpp</FILENAME>
        <LINE>311</LINE>
        <COLUMN>12</COLUMN>
      </SFA>
      <SFA>
        <FILEPATH>C:\Users\The Kids\source\repos\Physics Engine\src\physics\Collision\</FILEPATH>
        <FILENAME>PolygonCollision.cpp</FILENAME>
        <LINE>312</LINE>
        <COLUMN>12</COLUMN>
      </SFA>
      <SFA>
        <FILEPATH>C:\Users\The Kids\source\repos\Physics Engine\src\physics\Collision\</FILEPATH>
        <FILENAME>PolygonCollision.cpp</FILENAME>
        <LINE>313</LINE>
        <COLUMN>15</COLUMN>
        <KEYEVENT>
          <ID>2</ID>
          <KIND>branch</KIND>
          <IMPORTANCE>Full</IMPORTANCE>
          <MESSAGE>Enter this branch, (assume 'd1&lt;=0.000000')</MESSAGE>
        </KEYEVENT>
      </SFA>
      <SFA>
        <FILEPATH>C:\Users\The Kids\source\repos\Physics Engine\src\physics\Collision\</FILEPATH>
        <FILENAME>PolygonCollision.cpp</FILENAME>
        <LINE>314</LINE>
        <COLUMN>22</COLUMN>
      </SFA>
      <SFA>
        <FILEPATH>C:\Users\The Kids\source\repos\Physics Engine\src\physics\Collision\</FILEPATH>
        <FILENAME>PolygonCollision.cpp</FILENAME>
        <LINE>315</LINE>
        <COLUMN>15</COLUMN>
        <KEYEVENT>
          <ID>3</ID>
          <KIND>branch</KIND>
          <IMPORTANCE>Full</IMPORTANCE>
          <MESSAGE>Enter this branch, (assume 'd2&lt;=0.000000')</MESSAGE>
        </KEYEVENT>
      </SFA>
      <SFA>
        <FILEPATH>C:\Users\The Kids\source\repos\Physics Engine\src\physics\Collision\</FILEPATH>
        <FILENAME>PolygonCollision.cpp</FILENAME>
        <LINE>316</LINE>
        <COLUMN>22</COLUMN>
        <KEYEVENT>
          <ID>4</ID>
          <KIND>declaration</KIND>
          <IMPORTANCE>Essential</IMPORTANCE>
          <MESSAGE>'sp' may equal 2</MESSAGE>
        </KEYEVENT>
      </SFA>
      <SFA>
        <FILEPATH>C:\Users\The Kids\source\repos\Physics Engine\src\physics\Collision\</FILEPATH>
        <FILENAME>PolygonCollision.cpp</FILENAME>
        <LINE>317</LINE>
        <COLUMN>20</COLUMN>
        <KEYEVENT>
          <ID>5</ID>
          <KIND>branch</KIND>
          <IMPORTANCE>Full</IMPORTANCE>
          <MESSAGE>Enter this branch, (assume 'd1*d2&lt;=0.000000')</MESSAGE>
        </KEYEVENT>
      </SFA>
      <SFA>
        <FILEPATH>C:\Users\The Kids\source\repos\Physics Engine\src\physics\Collision\</FILEPATH>
        <FILENAME>PolygonCollision.cpp</FILENAME>
        <LINE>319</LINE>
        <COLUMN>16</COLUMN>
      </SFA>
      <SFA>
        <FILEPATH>C:\Users\The Kids\source\repos\Physics Engine\src\physics\Collision\</FILEPATH>
        <FILENAME>PolygonCollision.cpp</FILENAME>
        <LINE>320</LINE>
        <COLUMN>20</COLUMN>
        <KEYEVENT>
          <ID>6</ID>
          <KIND>usage</KIND>
          <IMPORTANCE>Essential</IMPORTANCE>
          <MESSAGE>Invalid write to 'out[2]', (writable range is 0 to 1)</MESSAGE>
        </KEYEVENT>
      </SFA>
    </PATH>
  </DEFECT>
</DEFECTS>