<?xml version="1.0" encoding="UTF-8"?>
<DEFECTS>
  <DEFECT>
    <SFA>
      <FILEPATH>C:\Users\The Kids\source\repos\Physics Engine\include\SFML\Graphics\</FILEPATH>
      <FILENAME>Glyph.hpp</FILENAME>
      <LINE>49</LINE>
      <COLUMN>4</COLUMN>
    </SFA>
    <DEFECTCODE>26495</DEFECTCODE>
    <DESCRIPTION>Variable 'sf::Glyph::rsbDelta' is uninitialized. Always initialize a member variable (type.6).</DESCRIPTION>
    <FUNCTION>sf::Glyph::{ctor}</FUNCTION>
    <DECORATED>??0Glyph@sf@@QEAA@XZ</DECORATED>
    <FUNCLINE>49</FUNCLINE>
    <ADDITIONALINFO>
      <targetSymbol>sf::Glyph::rsbDelta</targetSymbol>
    </ADDITIONALINFO>
    <PATH></PATH>
  </DEFECT>
  <DEFECT>
    <SFA>
      <FILEPATH>C:\Users\The Kids\source\repos\Physics Engine\include\SFML\Graphics\</FILEPATH>
      <FILENAME>Glyph.hpp</FILENAME>
      <LINE>49</LINE>
      <COLUMN>4</COLUMN>
    </SFA>
    <DEFECTCODE>26495</DEFECTCODE>
    <DESCRIPTION>Variable 'sf::Glyph::lsbDelta' is uninitialized. Always initialize a member variable (type.6).</DESCRIPTION>
    <FUNCTION>sf::Glyph::{ctor}</FUNCTION>
    <DECORATED>??0Glyph@sf@@QEAA@XZ</DECORATED>
    <FUNCLINE>49</FUNCLINE>
    <ADDITIONALINFO>
      <targetSymbol>sf::Glyph::lsbDelta</targetSymbol>
    </ADDITIONALINFO>
    <PATH></PATH>
  </DEFECT>
  <DEFECT>
    <SFA>
      <FILEPATH>C:\Users\The Kids\source\repos\Physics Engine\src\physics\Dynamics\</FILEPATH>
      <FILENAME>Softbody.cpp</FILENAME>
      <LINE>25</LINE>
      <COLUMN>12</COLUMN>
    </SFA>
    <DEFECTCODE>26495</DEFECTCODE>
    <DESCRIPTION>Variable 'physics::MassPoint::radius' is uninitialized. Always initialize a member variable (type.6).</DESCRIPTION>
    <FUNCTION>physics::MassPoint::{ctor}</FUNCTION>
    <DECORATED>??0MassPoint@physics@@QEAA@XZ</DECORATED>
    <FUNCLINE>25</FUNCLINE>
    <ADDITIONALINFO>
      <targetSymbol>physics::MassPoint::radius</targetSymbol>
    </ADDITIONALINFO>
    <PATH></PATH>
  </DEFECT>
  <DEFECT>
    <SFA>
      <FILEPATH>C:\Users\The Kids\source\repos\Physics Engine\src\physics\Dynamics\</FILEPATH>
      <FILENAME>Softbody.cpp</FILENAME>
      <LINE>69</LINE>
      <COLUMN>26</COLUMN>
    </SFA>
    <DEFECTCODE>26451</DEFECTCODE>
    <DESCRIPTION>Arithmetic overflow: Using operator '-' on a 4 byte value and then casting the result to a 8 byte value. Cast the value to the wider type before calling operator '-' to avoid overflow (io.2).</DESCRIPTION>
    <FUNCTION>physics::Softbody::{ctor}</FUNCTION>
    <DECORATED>??0Softbody@physics@@QEAA@AEBU01@@Z</DECORATED>
    <FUNCLINE>52</FUNCLINE>
    <PATH></PATH>
  </DEFECT>
  <DEFECT>
    <SFA>
      <FILEPATH>C:\Users\The Kids\source\repos\Physics Engine\src\physics\Dynamics\</FILEPATH>
      <FILENAME>Softbody.cpp</FILENAME>
      <LINE>74</LINE>
      <COLUMN>32</COLUMN>
    </SFA>
    <DEFECTCODE>26451</DEFECTCODE>
    <DESCRIPTION>Arithmetic overflow: Using operator '+' on a 4 byte value and then casting the result to a 8 byte value. Cast the value to the wider type before calling operator '+' to avoid overflow (io.2).</DESCRIPTION>
    <FUNCTION>physics::Softbody::{ctor}</FUNCTION>
    <DECORATED>??0Softbody@physics@@QEAA@AEBU01@@Z</DECORATED>
    <FUNCLINE>52</FUNCLINE>
    <PATH></PATH>
  </DEFECT>
  <DEFECT>
    <SFA>
      <FILEPATH>C:\Users\The Kids\source\repos\Physics Engine\src\physics\Dynamics\</FILEPATH>
      <FILENAME>Softbody.cpp</FILENAME>
      <LINE>80</LINE>
      <COLUMN>26</COLUMN>
    </SFA>
    <DEFECTCODE>26451</DEFECTCODE>
    <DESCRIPTION>Arithmetic overflow: Using operator '+' on a 4 byte value and then casting the result to a 8 byte value. Cast the value to the wider type before calling operator '+' to avoid overflow (io.2).</DESCRIPTION>
    <FUNCTION>physics::Softbody::{ctor}</FUNCTION>
    <DECORATED>??0Softbody@physics@@QEAA@AEBU01@@Z</DECORATED>
    <FUNCLINE>52</FUNCLINE>
    <PATH></PATH>
  </DEFECT>
  <DEFECT>
    <SFA>
      <FILEPATH>C:\Users\The Kids\source\repos\Physics Engine\src\physics\Dynamics\</FILEPATH>
      <FILENAME>Softbody.cpp</FILENAME>
      <LINE>80</LINE>
      <COLUMN>36</COLUMN>
    </SFA>
    <DEFECTCODE>26451</DEFECTCODE>
    <DESCRIPTION>Arithmetic overflow: Using operator '+' on a 4 byte value and then casting the result to a 8 byte value. Cast the value to the wider type before calling operator '+' to avoid overflow (io.2).</DESCRIPTION>
    <FUNCTION>physics::Softbody::{ctor}</FUNCTION>
    <DECORATED>??0Softbody@physics@@QEAA@AEBU01@@Z</DECORATED>
    <FUNCLINE>52</FUNCLINE>
    <PATH></PATH>
  </DEFECT>
  <DEFECT>
    <SFA>
      <FILEPATH>C:\Users\The Kids\source\repos\Physics Engine\src\physics\Dynamics\</FILEPATH>
      <FILENAME>Softbody.cpp</FILENAME>
      <LINE>85</LINE>
      <COLUMN>26</COLUMN>
    </SFA>
    <DEFECTCODE>26451</DEFECTCODE>
    <DESCRIPTION>Arithmetic overflow: Using operator '-' on a 4 byte value and then casting the result to a 8 byte value. Cast the value to the wider type before calling operator '-' to avoid overflow (io.2).</DESCRIPTION>
    <FUNCTION>physics::Softbody::{ctor}</FUNCTION>
    <DECORATED>??0Softbody@physics@@QEAA@AEBU01@@Z</DECORATED>
    <FUNCLINE>52</FUNCLINE>
    <PATH></PATH>
  </DEFECT>
  <DEFECT>
    <SFA>
      <FILEPATH>C:\Users\The Kids\source\repos\Physics Engine\src\physics\Dynamics\</FILEPATH>
      <FILENAME>Softbody.cpp</FILENAME>
      <LINE>85</LINE>
      <COLUMN>36</COLUMN>
    </SFA>
    <DEFECTCODE>26451</DEFECTCODE>
    <DESCRIPTION>Arithmetic overflow: Using operator '+' on a 4 byte value and then casting the result to a 8 byte value. Cast the value to the wider type before calling operator '+' to avoid overflow (io.2).</DESCRIPTION>
    <FUNCTION>physics::Softbody::{ctor}</FUNCTION>
    <DECORATED>??0Softbody@physics@@QEAA@AEBU01@@Z</DECORATED>
    <FUNCLINE>52</FUNCLINE>
    <PATH></PATH>
  </DEFECT>
  <DEFECT>
    <SFA>
      <FILEPATH>C:\Users\The Kids\source\repos\Physics Engine\src\physics\Dynamics\</FILEPATH>
      <FILENAME>Softbody.cpp</FILENAME>
      <LINE>130</LINE>
      <COLUMN>24</COLUMN>
    </SFA>
    <DEFECTCODE>26451</DEFECTCODE>
    <DESCRIPTION>Arithmetic overflow: Using operator '-' on a 4 byte value and then casting the result to a 8 byte value. Cast the value to the wider type before calling operator '-' to avoid overflow (io.2).</DESCRIPTION>
    <FUNCTION>physics::Softbody::{ctor}</FUNCTION>
    <DECORATED>??0Softbody@physics@@QEAA@AEBUTransform@1@HHAEBUSpring@1@AEBN22@Z</DECORATED>
    <FUNCLINE>98</FUNCLINE>
    <PATH></PATH>
  </DEFECT>
  <DEFECT>
    <SFA>
      <FILEPATH>C:\Users\The Kids\source\repos\Physics Engine\src\physics\Dynamics\</FILEPATH>
      <FILENAME>Softbody.cpp</FILENAME>
      <LINE>135</LINE>
      <COLUMN>30</COLUMN>
    </SFA>
    <DEFECTCODE>26451</DEFECTCODE>
    <DESCRIPTION>Arithmetic overflow: Using operator '+' on a 4 byte value and then casting the result to a 8 byte value. Cast the value to the wider type before calling operator '+' to avoid overflow (io.2).</DESCRIPTION>
    <FUNCTION>physics::Softbody::{ctor}</FUNCTION>
    <DECORATED>??0Softbody@physics@@QEAA@AEBUTransform@1@HHAEBUSpring@1@AEBN22@Z</DECORATED>
    <FUNCLINE>98</FUNCLINE>
    <PATH></PATH>
  </DEFECT>
  <DEFECT>
    <SFA>
      <FILEPATH>C:\Users\The Kids\source\repos\Physics Engine\src\physics\Dynamics\</FILEPATH>
      <FILENAME>Softbody.cpp</FILENAME>
      <LINE>141</LINE>
      <COLUMN>24</COLUMN>
    </SFA>
    <DEFECTCODE>26451</DEFECTCODE>
    <DESCRIPTION>Arithmetic overflow: Using operator '+' on a 4 byte value and then casting the result to a 8 byte value. Cast the value to the wider type before calling operator '+' to avoid overflow (io.2).</DESCRIPTION>
    <FUNCTION>physics::Softbody::{ctor}</FUNCTION>
    <DECORATED>??0Softbody@physics@@QEAA@AEBUTransform@1@HHAEBUSpring@1@AEBN22@Z</DECORATED>
    <FUNCLINE>98</FUNCLINE>
    <PATH></PATH>
  </DEFECT>
  <DEFECT>
    <SFA>
      <FILEPATH>C:\Users\The Kids\source\repos\Physics Engine\src\physics\Dynamics\</FILEPATH>
      <FILENAME>Softbody.cpp</FILENAME>
      <LINE>141</LINE>
      <COLUMN>34</COLUMN>
    </SFA>
    <DEFECTCODE>26451</DEFECTCODE>
    <DESCRIPTION>Arithmetic overflow: Using operator '+' on a 4 byte value and then casting the result to a 8 byte value. Cast the value to the wider type before calling operator '+' to avoid overflow (io.2).</DESCRIPTION>
    <FUNCTION>physics::Softbody::{ctor}</FUNCTION>
    <DECORATED>??0Softbody@physics@@QEAA@AEBUTransform@1@HHAEBUSpring@1@AEBN22@Z</DECORATED>
    <FUNCLINE>98</FUNCLINE>
    <PATH></PATH>
  </DEFECT>
  <DEFECT>
    <SFA>
      <FILEPATH>C:\Users\The Kids\source\repos\Physics Engine\src\physics\Dynamics\</FILEPATH>
      <FILENAME>Softbody.cpp</FILENAME>
      <LINE>146</LINE>
      <COLUMN>24</COLUMN>
    </SFA>
    <DEFECTCODE>26451</DEFECTCODE>
    <DESCRIPTION>Arithmetic overflow: Using operator '-' on a 4 byte value and then casting the result to a 8 byte value. Cast the value to the wider type before calling operator '-' to avoid overflow (io.2).</DESCRIPTION>
    <FUNCTION>physics::Softbody::{ctor}</FUNCTION>
    <DECORATED>??0Softbody@physics@@QEAA@AEBUTransform@1@HHAEBUSpring@1@AEBN22@Z</DECORATED>
    <FUNCLINE>98</FUNCLINE>
    <PATH></PATH>
  </DEFECT>
  <DEFECT>
    <SFA>
      <FILEPATH>C:\Users\The Kids\source\repos\Physics Engine\src\physics\Dynamics\</FILEPATH>
      <FILENAME>Softbody.cpp</FILENAME>
      <LINE>146</LINE>
      <COLUMN>34</COLUMN>
    </SFA>
    <DEFECTCODE>26451</DEFECTCODE>
    <DESCRIPTION>Arithmetic overflow: Using operator '+' on a 4 byte value and then casting the result to a 8 byte value. Cast the value to the wider type before calling operator '+' to avoid overflow (io.2).</DESCRIPTION>
    <FUNCTION>physics::Softbody::{ctor}</FUNCTION>
    <DECORATED>??0Softbody@physics@@QEAA@AEBUTransform@1@HHAEBUSpring@1@AEBN22@Z</DECORATED>
    <FUNCLINE>98</FUNCLINE>
    <PATH></PATH>
  </DEFECT>
  <DEFECT>
    <SFA>
      <FILEPATH>C:\Users\The Kids\source\repos\Physics Engine\src\physics\Dynamics\</FILEPATH>
      <FILENAME>Softbody.cpp</FILENAME>
      <LINE>157</LINE>
      <COLUMN>33</COLUMN>
    </SFA>
    <DEFECTCODE>26451</DEFECTCODE>
    <DESCRIPTION>Arithmetic overflow: Using operator '+' on a 4 byte value and then casting the result to a 8 byte value. Cast the value to the wider type before calling operator '+' to avoid overflow (io.2).</DESCRIPTION>
    <FUNCTION>physics::Softbody::{ctor}</FUNCTION>
    <DECORATED>??0Softbody@physics@@QEAA@AEBUTransform@1@HHAEBUSpring@1@AEBN22@Z</DECORATED>
    <FUNCLINE>98</FUNCLINE>
    <PATH></PATH>
  </DEFECT>
  <DEFECT>
    <SFA>
      <FILEPATH>C:\Users\The Kids\source\repos\Physics Engine\src\physics\Dynamics\</FILEPATH>
      <FILENAME>Softbody.cpp</FILENAME>
      <LINE>158</LINE>
      <COLUMN>30</COLUMN>
    </SFA>
    <DEFECTCODE>26451</DEFECTCODE>
    <DESCRIPTION>Arithmetic overflow: Using operator '+' on a 4 byte value and then casting the result to a 8 byte value. Cast the value to the wider type before calling operator '+' to avoid overflow (io.2).</DESCRIPTION>
    <FUNCTION>physics::Softbody::{ctor}</FUNCTION>
    <DECORATED>??0Softbody@physics@@QEAA@AEBUTransform@1@HHAEBUSpring@1@AEBN22@Z</DECORATED>
    <FUNCLINE>98</FUNCLINE>
    <PATH></PATH>
  </DEFECT>
  <DEFECT>
    <SFA>
      <FILEPATH>C:\Users\The Kids\source\repos\Physics Engine\src\physics\Dynamics\</FILEPATH>
      <FILENAME>Softbody.cpp</FILENAME>
      <LINE>158</LINE>
      <COLUMN>37</COLUMN>
    </SFA>
    <DEFECTCODE>26451</DEFECTCODE>
    <DESCRIPTION>Arithmetic overflow: Using operator '+' on a 4 byte value and then casting the result to a 8 byte value. Cast the value to the wider type before calling operator '+' to avoid overflow (io.2).</DESCRIPTION>
    <FUNCTION>physics::Softbody::{ctor}</FUNCTION>
    <DECORATED>??0Softbody@physics@@QEAA@AEBUTransform@1@HHAEBUSpring@1@AEBN22@Z</DECORATED>
    <FUNCLINE>98</FUNCLINE>
    <PATH></PATH>
  </DEFECT>
  <DEFECT>
    <SFA>
      <FILEPATH>C:\Users\The Kids\source\repos\Physics Engine\src\physics\Dynamics\</FILEPATH>
      <FILENAME>Softbody.cpp</FILENAME>
      <LINE>159</LINE>
      <COLUMN>30</COLUMN>
    </SFA>
    <DEFECTCODE>26451</DEFECTCODE>
    <DESCRIPTION>Arithmetic overflow: Using operator '+' on a 4 byte value and then casting the result to a 8 byte value. Cast the value to the wider type before calling operator '+' to avoid overflow (io.2).</DESCRIPTION>
    <FUNCTION>physics::Softbody::{ctor}</FUNCTION>
    <DECORATED>??0Softbody@physics@@QEAA@AEBUTransform@1@HHAEBUSpring@1@AEBN22@Z</DECORATED>
    <FUNCLINE>98</FUNCLINE>
    <PATH></PATH>
  </DEFECT>
  <DEFECT>
    <SFA>
      <FILEPATH>C:\Users\The Kids\source\repos\Physics Engine\src\physics\Dynamics\</FILEPATH>
      <FILENAME>Softbody.cpp</FILENAME>
      <LINE>184</LINE>
      <COLUMN>26</COLUMN>
    </SFA>
    <DEFECTCODE>26451</DEFECTCODE>
    <DESCRIPTION>Arithmetic overflow: Using operator '-' on a 4 byte value and then casting the result to a 8 byte value. Cast the value to the wider type before calling operator '-' to avoid overflow (io.2).</DESCRIPTION>
    <FUNCTION>physics::Softbody::=</FUNCTION>
    <DECORATED>??4Softbody@physics@@UEAAAEAU01@AEBU01@@Z</DECORATED>
    <FUNCLINE>171</FUNCLINE>
    <PATH></PATH>
  </DEFECT>
  <DEFECT>
    <SFA>
      <FILEPATH>C:\Users\The Kids\source\repos\Physics Engine\src\physics\Dynamics\</FILEPATH>
      <FILENAME>Softbody.cpp</FILENAME>
      <LINE>189</LINE>
      <COLUMN>32</COLUMN>
    </SFA>
    <DEFECTCODE>26451</DEFECTCODE>
    <DESCRIPTION>Arithmetic overflow: Using operator '+' on a 4 byte value and then casting the result to a 8 byte value. Cast the value to the wider type before calling operator '+' to avoid overflow (io.2).</DESCRIPTION>
    <FUNCTION>physics::Softbody::=</FUNCTION>
    <DECORATED>??4Softbody@physics@@UEAAAEAU01@AEBU01@@Z</DECORATED>
    <FUNCLINE>171</FUNCLINE>
    <PATH></PATH>
  </DEFECT>
  <DEFECT>
    <SFA>
      <FILEPATH>C:\Users\The Kids\source\repos\Physics Engine\src\physics\Dynamics\</FILEPATH>
      <FILENAME>Softbody.cpp</FILENAME>
      <LINE>195</LINE>
      <COLUMN>26</COLUMN>
    </SFA>
    <DEFECTCODE>26451</DEFECTCODE>
    <DESCRIPTION>Arithmetic overflow: Using operator '+' on a 4 byte value and then casting the result to a 8 byte value. Cast the value to the wider type before calling operator '+' to avoid overflow (io.2).</DESCRIPTION>
    <FUNCTION>physics::Softbody::=</FUNCTION>
    <DECORATED>??4Softbody@physics@@UEAAAEAU01@AEBU01@@Z</DECORATED>
    <FUNCLINE>171</FUNCLINE>
    <PATH></PATH>
  </DEFECT>
  <DEFECT>
    <SFA>
      <FILEPATH>C:\Users\The Kids\source\repos\Physics Engine\src\physics\Dynamics\</FILEPATH>
      <FILENAME>Softbody.cpp</FILENAME>
      <LINE>195</LINE>
      <COLUMN>36</COLUMN>
    </SFA>
    <DEFECTCODE>26451</DEFECTCODE>
    <DESCRIPTION>Arithmetic overflow: Using operator '+' on a 4 byte value and then casting the result to a 8 byte value. Cast the value to the wider type before calling operator '+' to avoid overflow (io.2).</DESCRIPTION>
    <FUNCTION>physics::Softbody::=</FUNCTION>
    <DECORATED>??4Softbody@physics@@UEAAAEAU01@AEBU01@@Z</DECORATED>
    <FUNCLINE>171</FUNCLINE>
    <PATH></PATH>
  </DEFECT>
  <DEFECT>
    <SFA>
      <FILEPATH>C:\Users\The Kids\source\repos\Physics Engine\src\physics\Dynamics\</FILEPATH>
      <FILENAME>Softbody.cpp</FILENAME>
      <LINE>200</LINE>
      <COLUMN>26</COLUMN>
    </SFA>
    <DEFECTCODE>26451</DEFECTCODE>
    <DESCRIPTION>Arithmetic overflow: Using operator '-' on a 4 byte value and then casting the result to a 8 byte value. Cast the value to the wider type before calling operator '-' to avoid overflow (io.2).</DESCRIPTION>
    <FUNCTION>physics::Softbody::=</FUNCTION>
    <DECORATED>??4Softbody@physics@@UEAAAEAU01@AEBU01@@Z</DECORATED>
    <FUNCLINE>171</FUNCLINE>
    <PATH></PATH>
  </DEFECT>
  <DEFECT>
    <SFA>
      <FILEPATH>C:\Users\The Kids\source\repos\Physics Engine\src\physics\Dynamics\</FILEPATH>
      <FILENAME>Softbody.cpp</FILENAME>
      <LINE>200</LINE>
      <COLUMN>36</COLUMN>
    </SFA>
    <DEFECTCODE>26451</DEFECTCODE>
    <DESCRIPTION>Arithmetic overflow: Using operator '+' on a 4 byte value and then casting the result to a 8 byte value. Cast the value to the wider type before calling operator '+' to avoid overflow (io.2).</DESCRIPTION>
    <FUNCTION>physics::Softbody::=</FUNCTION>
    <DECORATED>??4Softbody@physics@@UEAAAEAU01@AEBU01@@Z</DECORATED>
    <FUNCLINE>171</FUNCLINE>
    <PATH></PATH>
  </DEFECT>
  <DEFECT>
    <SFA>
      <FILEPATH>C:\Users\The Kids\source\repos\Physics Engine\src\physics\Dynamics\</FILEPATH>
      <FILENAME>Softbody.cpp</FILENAME>
      <LINE>221</LINE>
      <COLUMN>26</COLUMN>
    </SFA>
    <DEFECTCODE>26451</DEFECTCODE>
    <DESCRIPTION>Arithmetic overflow: Using operator '-' on a 4 byte value and then casting the result to a 8 byte value. Cast the value to the wider type before calling operator '-' to avoid overflow (io.2).</DESCRIPTION>
    <FUNCTION>physics::Softbody::=</FUNCTION>
    <DECORATED>??4Softbody@physics@@UEAAAEAU01@$$QEAU01@@Z</DECORATED>
    <FUNCLINE>208</FUNCLINE>
    <PATH></PATH>
  </DEFECT>
  <DEFECT>
    <SFA>
      <FILEPATH>C:\Users\The Kids\source\repos\Physics Engine\src\physics\Dynamics\</FILEPATH>
      <FILENAME>Softbody.cpp</FILENAME>
      <LINE>226</LINE>
      <COLUMN>32</COLUMN>
    </SFA>
    <DEFECTCODE>26451</DEFECTCODE>
    <DESCRIPTION>Arithmetic overflow: Using operator '+' on a 4 byte value and then casting the result to a 8 byte value. Cast the value to the wider type before calling operator '+' to avoid overflow (io.2).</DESCRIPTION>
    <FUNCTION>physics::Softbody::=</FUNCTION>
    <DECORATED>??4Softbody@physics@@UEAAAEAU01@$$QEAU01@@Z</DECORATED>
    <FUNCLINE>208</FUNCLINE>
    <PATH></PATH>
  </DEFECT>
  <DEFECT>
    <SFA>
      <FILEPATH>C:\Users\The Kids\source\repos\Physics Engine\src\physics\Dynamics\</FILEPATH>
      <FILENAME>Softbody.cpp</FILENAME>
      <LINE>232</LINE>
      <COLUMN>26</COLUMN>
    </SFA>
    <DEFECTCODE>26451</DEFECTCODE>
    <DESCRIPTION>Arithmetic overflow: Using operator '+' on a 4 byte value and then casting the result to a 8 byte value. Cast the value to the wider type before calling operator '+' to avoid overflow (io.2).</DESCRIPTION>
    <FUNCTION>physics::Softbody::=</FUNCTION>
    <DECORATED>??4Softbody@physics@@UEAAAEAU01@$$QEAU01@@Z</DECORATED>
    <FUNCLINE>208</FUNCLINE>
    <PATH></PATH>
  </DEFECT>
  <DEFECT>
    <SFA>
      <FILEPATH>C:\Users\The Kids\source\repos\Physics Engine\src\physics\Dynamics\</FILEPATH>
      <FILENAME>Softbody.cpp</FILENAME>
      <LINE>232</LINE>
      <COLUMN>36</COLUMN>
    </SFA>
    <DEFECTCODE>26451</DEFECTCODE>
    <DESCRIPTION>Arithmetic overflow: Using operator '+' on a 4 byte value and then casting the result to a 8 byte value. Cast the value to the wider type before calling operator '+' to avoid overflow (io.2).</DESCRIPTION>
    <FUNCTION>physics::Softbody::=</FUNCTION>
    <DECORATED>??4Softbody@physics@@UEAAAEAU01@$$QEAU01@@Z</DECORATED>
    <FUNCLINE>208</FUNCLINE>
    <PATH></PATH>
  </DEFECT>
  <DEFECT>
    <SFA>
      <FILEPATH>C:\Users\The Kids\source\repos\Physics Engine\src\physics\Dynamics\</FILEPATH>
      <FILENAME>Softbody.cpp</FILENAME>
      <LINE>237</LINE>
      <COLUMN>26</COLUMN>
    </SFA>
    <DEFECTCODE>26451</DEFECTCODE>
    <DESCRIPTION>Arithmetic overflow: Using operator '-' on a 4 byte value and then casting the result to a 8 byte value. Cast the value to the wider type before calling operator '-' to avoid overflow (io.2).</DESCRIPTION>
    <FUNCTION>physics::Softbody::=</FUNCTION>
    <DECORATED>??4Softbody@physics@@UEAAAEAU01@$$QEAU01@@Z</DECORATED>
    <FUNCLINE>208</FUNCLINE>
    <PATH></PATH>
  </DEFECT>
  <DEFECT>
    <SFA>
      <FILEPATH>C:\Users\The Kids\source\repos\Physics Engine\src\physics\Dynamics\</FILEPATH>
      <FILENAME>Softbody.cpp</FILENAME>
      <LINE>237</LINE>
      <COLUMN>36</COLUMN>
    </SFA>
    <DEFECTCODE>26451</DEFECTCODE>
    <DESCRIPTION>Arithmetic overflow: Using operator '+' on a 4 byte value and then casting the result to a 8 byte value. Cast the value to the wider type before calling operator '+' to avoid overflow (io.2).</DESCRIPTION>
    <FUNCTION>physics::Softbody::=</FUNCTION>
    <DECORATED>??4Softbody@physics@@UEAAAEAU01@$$QEAU01@@Z</DECORATED>
    <FUNCLINE>208</FUNCLINE>
    <PATH></PATH>
  </DEFECT>
  <DEFECT>
    <SFA>
      <FILEPATH>C:\Users\The Kids\source\repos\Physics Engine\src\physics\Dynamics\</FILEPATH>
      <FILENAME>Softbody.cpp</FILENAME>
      <LINE>394</LINE>
      <COLUMN>33</COLUMN>
    </SFA>
    <DEFECTCODE>26451</DEFECTCODE>
    <DESCRIPTION>Arithmetic overflow: Using operator '+' on a 4 byte value and then casting the result to a 8 byte value. Cast the value to the wider type before calling operator '+' to avoid overflow (io.2).</DESCRIPTION>
    <FUNCTION>physics::Softbody::UpdateCollider</FUNCTION>
    <DECORATED>?UpdateCollider@Softbody@physics@@QEAAXXZ</DECORATED>
    <FUNCLINE>385</FUNCLINE>
    <PATH></PATH>
  </DEFECT>
  <DEFECT>
    <SFA>
      <FILEPATH>C:\Users\The Kids\source\repos\Physics Engine\src\physics\Dynamics\</FILEPATH>
      <FILENAME>Softbody.cpp</FILENAME>
      <LINE>395</LINE>
      <COLUMN>30</COLUMN>
    </SFA>
    <DEFECTCODE>26451</DEFECTCODE>
    <DESCRIPTION>Arithmetic overflow: Using operator '+' on a 4 byte value and then casting the result to a 8 byte value. Cast the value to the wider type before calling operator '+' to avoid overflow (io.2).</DESCRIPTION>
    <FUNCTION>physics::Softbody::UpdateCollider</FUNCTION>
    <DECORATED>?UpdateCollider@Softbody@physics@@QEAAXXZ</DECORATED>
    <FUNCLINE>385</FUNCLINE>
    <PATH></PATH>
  </DEFECT>
  <DEFECT>
    <SFA>
      <FILEPATH>C:\Users\The Kids\source\repos\Physics Engine\src\physics\Dynamics\</FILEPATH>
      <FILENAME>Softbody.cpp</FILENAME>
      <LINE>395</LINE>
      <COLUMN>37</COLUMN>
    </SFA>
    <DEFECTCODE>26451</DEFECTCODE>
    <DESCRIPTION>Arithmetic overflow: Using operator '+' on a 4 byte value and then casting the result to a 8 byte value. Cast the value to the wider type before calling operator '+' to avoid overflow (io.2).</DESCRIPTION>
    <FUNCTION>physics::Softbody::UpdateCollider</FUNCTION>
    <DECORATED>?UpdateCollider@Softbody@physics@@QEAAXXZ</DECORATED>
    <FUNCLINE>385</FUNCLINE>
    <PATH></PATH>
  </DEFECT>
  <DEFECT>
    <SFA>
      <FILEPATH>C:\Users\The Kids\source\repos\Physics Engine\src\physics\Dynamics\</FILEPATH>
      <FILENAME>Softbody.cpp</FILENAME>
      <LINE>396</LINE>
      <COLUMN>30</COLUMN>
    </SFA>
    <DEFECTCODE>26451</DEFECTCODE>
    <DESCRIPTION>Arithmetic overflow: Using operator '+' on a 4 byte value and then casting the result to a 8 byte value. Cast the value to the wider type before calling operator '+' to avoid overflow (io.2).</DESCRIPTION>
    <FUNCTION>physics::Softbody::UpdateCollider</FUNCTION>
    <DECORATED>?UpdateCollider@Softbody@physics@@QEAAXXZ</DECORATED>
    <FUNCLINE>385</FUNCLINE>
    <PATH></PATH>
  </DEFECT>
</DEFECTS>