﻿<?xml version="1.0" encoding="utf-8"?><DEFECTS><DEFECT>
    <SFA>
      <FILEPATH>C:\Users\The Kids\source\repos\Physics Engine\src\geometry\</FILEPATH>
      <FILENAME>Math.cpp</FILENAME>
      <LINE>69</LINE>
      <COLUMN>53</COLUMN>
    </SFA>
    <DEFECTCODE>26451</DEFECTCODE>
    <DESCRIPTION>Arithmetic overflow: Using operator '*' on a 4 byte value and then casting the result to a 8 byte value. Cast the value to the wider type before calling operator '*' to avoid overflow (io.2).</DESCRIPTION>
    <FUNCTION>geo::FastSqrt</FUNCTION>
    <DECORATED>?FastSqrt@geo@@YANN@Z</DECORATED>
    <FUNCLINE>64</FUNCLINE>
    <PATH></PATH>
  </DEFECT><DEFECT>
    <SFA>
      <FILEPATH>C:\Users\The Kids\source\repos\Physics Engine\src\geometry\</FILEPATH>
      <FILENAME>Math.cpp</FILENAME>
      <LINE>69</LINE>
      <COLUMN>47</COLUMN>
    </SFA>
    <DEFECTCODE>26451</DEFECTCODE>
    <DESCRIPTION>Arithmetic overflow: Using operator '*' on a 4 byte value and then casting the result to a 8 byte value. Cast the value to the wider type before calling operator '*' to avoid overflow (io.2).</DESCRIPTION>
    <FUNCTION>geo::FastSqrt</FUNCTION>
    <DECORATED>?FastSqrt@geo@@YANN@Z</DECORATED>
    <FUNCLINE>64</FUNCLINE>
    <PATH></PATH>
  </DEFECT><DEFECT>
    <SFA>
      <FILEPATH>C:\Users\The Kids\source\repos\Physics Engine\src\geometry\</FILEPATH>
      <FILENAME>Math.cpp</FILENAME>
      <LINE>69</LINE>
      <COLUMN>43</COLUMN>
    </SFA>
    <DEFECTCODE>26451</DEFECTCODE>
    <DESCRIPTION>Arithmetic overflow: Using operator '*' on a 4 byte value and then casting the result to a 8 byte value. Cast the value to the wider type before calling operator '*' to avoid overflow (io.2).</DESCRIPTION>
    <FUNCTION>geo::FastSqrt</FUNCTION>
    <DECORATED>?FastSqrt@geo@@YANN@Z</DECORATED>
    <FUNCLINE>64</FUNCLINE>
    <PATH></PATH>
  </DEFECT><DEFECT>
    <SFA>
      <FILEPATH>C:\Users\The Kids\source\repos\Physics Engine\src\geometry\</FILEPATH>
      <FILENAME>Math.cpp</FILENAME>
      <LINE>69</LINE>
      <COLUMN>26</COLUMN>
    </SFA>
    <DEFECTCODE>26451</DEFECTCODE>
    <DESCRIPTION>Arithmetic overflow: Using operator '-' on a 4 byte value and then casting the result to a 8 byte value. Cast the value to the wider type before calling operator '-' to avoid overflow (io.2).</DESCRIPTION>
    <FUNCTION>geo::FastSqrt</FUNCTION>
    <DECORATED>?FastSqrt@geo@@YANN@Z</DECORATED>
    <FUNCLINE>64</FUNCLINE>
    <PATH></PATH>
  </DEFECT><DEFECT>
    <SFA>
      <FILEPATH>C:\Users\The Kids\source\repos\Physics Engine\src\geometry\</FILEPATH>
      <FILENAME>Matrix.cpp</FILENAME>
      <LINE>9</LINE>
      <COLUMN>9</COLUMN>
    </SFA>
    <DEFECTCODE>26495</DEFECTCODE>
    <DESCRIPTION>Variable 'geo::Matrix::_width' is uninitialized. Always initialize a member variable (type.6).</DESCRIPTION>
    <FUNCTION>geo::Matrix::{ctor}</FUNCTION>
    <DECORATED>??0Matrix@geo@@QEAA@XZ</DECORATED>
    <FUNCLINE>9</FUNCLINE>
    <ADDITIONALINFO>
      <targetSymbol>geo::Matrix::_width</targetSymbol>
    </ADDITIONALINFO>
    <PATH></PATH>
  </DEFECT><DEFECT>
    <SFA>
      <FILEPATH>C:\Users\The Kids\source\repos\Physics Engine\src\geometry\</FILEPATH>
      <FILENAME>Matrix.cpp</FILENAME>
      <LINE>13</LINE>
      <COLUMN>9</COLUMN>
    </SFA>
    <DEFECTCODE>26495</DEFECTCODE>
    <DESCRIPTION>Variable 'geo::Matrix::_width' is uninitialized. Always initialize a member variable (type.6).</DESCRIPTION>
    <FUNCTION>geo::Matrix::{ctor}</FUNCTION>
    <DECORATED>??0Matrix@geo@@QEAA@$$QEAU01@@Z</DECORATED>
    <FUNCLINE>13</FUNCLINE>
    <ADDITIONALINFO>
      <targetSymbol>geo::Matrix::_width</targetSymbol>
    </ADDITIONALINFO>
    <PATH></PATH>
  </DEFECT><DEFECT>
    <SFA>
      <FILEPATH>C:\Users\The Kids\source\repos\Physics Engine\src\geometry\</FILEPATH>
      <FILENAME>Matrix.cpp</FILENAME>
      <LINE>19</LINE>
      <COLUMN>9</COLUMN>
    </SFA>
    <DEFECTCODE>26495</DEFECTCODE>
    <DESCRIPTION>Variable 'geo::Matrix::_width' is uninitialized. Always initialize a member variable (type.6).</DESCRIPTION>
    <FUNCTION>geo::Matrix::{ctor}</FUNCTION>
    <DECORATED>??0Matrix@geo@@QEAA@AEBU01@@Z</DECORATED>
    <FUNCLINE>19</FUNCLINE>
    <ADDITIONALINFO>
      <targetSymbol>geo::Matrix::_width</targetSymbol>
    </ADDITIONALINFO>
    <PATH></PATH>
  </DEFECT><DEFECT>
    <SFA>
      <FILEPATH>C:\Users\The Kids\source\repos\Physics Engine\src\geometry\</FILEPATH>
      <FILENAME>Matrix.cpp</FILENAME>
      <LINE>49</LINE>
      <COLUMN>12</COLUMN>
    </SFA>
    <DEFECTCODE>6386</DEFECTCODE>
    <DESCRIPTION>Buffer overrun while writing to 'array'.</DESCRIPTION>
    <FUNCTION>geo::Matrix::=</FUNCTION>
    <DECORATED>??4Matrix@geo@@QEAAAEAU01@AEBU01@@Z</DECORATED>
    <FUNCLINE>42</FUNCLINE>
    <PROBABILITY>1</PROBABILITY>
    <RANK>4</RANK>
    <CATEGORY>
      <RULECATEGORY>mspft</RULECATEGORY>
    </CATEGORY>
    <PATH>
      <SFA>
        <FILEPATH>C:\Users\The Kids\source\repos\Physics Engine\src\geometry\</FILEPATH>
        <FILENAME>Matrix.cpp</FILENAME>
        <LINE>44</LINE>
        <COLUMN>2</COLUMN>
      </SFA>
      <SFA>
        <FILEPATH>C:\Users\The Kids\source\repos\Physics Engine\src\geometry\</FILEPATH>
        <FILENAME>Matrix.cpp</FILENAME>
        <LINE>45</LINE>
        <COLUMN>8</COLUMN>
      </SFA>
      <SFA>
        <FILEPATH>C:\Users\The Kids\source\repos\Physics Engine\src\geometry\</FILEPATH>
        <FILENAME>Matrix.cpp</FILENAME>
        <LINE>46</LINE>
        <COLUMN>9</COLUMN>
      </SFA>
      <SFA>
        <FILEPATH>C:\Users\The Kids\source\repos\Physics Engine\src\geometry\</FILEPATH>
        <FILENAME>Matrix.cpp</FILENAME>
        <LINE>47</LINE>
        <COLUMN>10</COLUMN>
      </SFA>
      <SFA>
        <FILEPATH>C:\Users\The Kids\source\repos\Physics Engine\src\geometry\</FILEPATH>
        <FILENAME>Matrix.cpp</FILENAME>
        <LINE>48</LINE>
        <COLUMN>14</COLUMN>
      </SFA>
      <SFA>
        <FILEPATH>C:\Users\The Kids\source\repos\Physics Engine\src\geometry\</FILEPATH>
        <FILENAME>Matrix.cpp</FILENAME>
        <LINE>48</LINE>
        <COLUMN>23</COLUMN>
        <KEYEVENT>
          <ID>1</ID>
          <KIND>branch</KIND>
          <IMPORTANCE>Full</IMPORTANCE>
          <MESSAGE>Enter this loop, (assume 'i&lt;_height*_width')</MESSAGE>
        </KEYEVENT>
      </SFA>
      <SFA>
        <FILEPATH>C:\Users\The Kids\source\repos\Physics Engine\src\geometry\</FILEPATH>
        <FILENAME>Matrix.cpp</FILENAME>
        <LINE>49</LINE>
        <COLUMN>12</COLUMN>
      </SFA>
      <SFA>
        <FILEPATH>C:\Users\The Kids\source\repos\Physics Engine\src\geometry\</FILEPATH>
        <FILENAME>Matrix.cpp</FILENAME>
        <LINE>48</LINE>
        <COLUMN>44</COLUMN>
        <KEYEVENT>
          <ID>2</ID>
          <KIND>declaration</KIND>
          <IMPORTANCE>Essential</IMPORTANCE>
          <MESSAGE>'i' may equal 1</MESSAGE>
        </KEYEVENT>
      </SFA>
      <SFA>
        <FILEPATH>C:\Users\The Kids\source\repos\Physics Engine\src\geometry\</FILEPATH>
        <FILENAME>Matrix.cpp</FILENAME>
        <LINE>48</LINE>
        <COLUMN>23</COLUMN>
        <KEYEVENT>
          <ID>3</ID>
          <KIND>branch</KIND>
          <IMPORTANCE>Full</IMPORTANCE>
          <MESSAGE>Continue this loop, (assume 'i&lt;_height*_width')</MESSAGE>
        </KEYEVENT>
      </SFA>
      <SFA>
        <FILEPATH>C:\Users\The Kids\source\repos\Physics Engine\src\geometry\</FILEPATH>
        <FILENAME>Matrix.cpp</FILENAME>
        <LINE>49</LINE>
        <COLUMN>12</COLUMN>
        <KEYEVENT>
          <ID>4</ID>
          <KIND>usage</KIND>
          <IMPORTANCE>Essential</IMPORTANCE>
          <MESSAGE>Invalid write to 'array[1]', (writable range is 0 to 0)</MESSAGE>
        </KEYEVENT>
      </SFA>
    </PATH>
  </DEFECT><DEFECT>
    <SFA>
      <FILEPATH>C:\Users\The Kids\source\repos\Physics Engine\src\geometry\</FILEPATH>
      <FILENAME>Matrix.cpp</FILENAME>
      <LINE>77</LINE>
      <COLUMN>30</COLUMN>
    </SFA>
    <DEFECTCODE>26451</DEFECTCODE>
    <DESCRIPTION>Arithmetic overflow: Using operator '-' on a 4 byte value and then casting the result to a 8 byte value. Cast the value to the wider type before calling operator '-' to avoid overflow (io.2).</DESCRIPTION>
    <FUNCTION>geo::Matrix::GetDeterminant</FUNCTION>
    <DECORATED>?GetDeterminant@Matrix@geo@@QEBAHXZ</DECORATED>
    <FUNCLINE>63</FUNCLINE>
    <PATH></PATH>
  </DEFECT><DEFECT>
    <SFA>
      <FILEPATH>C:\Users\The Kids\source\repos\Physics Engine\src\geometry\</FILEPATH>
      <FILENAME>Matrix.cpp</FILENAME>
      <LINE>77</LINE>
      <COLUMN>45</COLUMN>
    </SFA>
    <DEFECTCODE>26451</DEFECTCODE>
    <DESCRIPTION>Arithmetic overflow: Using operator '-' on a 4 byte value and then casting the result to a 8 byte value. Cast the value to the wider type before calling operator '-' to avoid overflow (io.2).</DESCRIPTION>
    <FUNCTION>geo::Matrix::GetDeterminant</FUNCTION>
    <DECORATED>?GetDeterminant@Matrix@geo@@QEBAHXZ</DECORATED>
    <FUNCLINE>63</FUNCLINE>
    <PATH></PATH>
  </DEFECT><DEFECT>
    <SFA>
      <FILEPATH>C:\Users\The Kids\source\repos\Physics Engine\src\geometry\</FILEPATH>
      <FILENAME>Matrix.cpp</FILENAME>
      <LINE>85</LINE>
      <COLUMN>18</COLUMN>
    </SFA>
    <DEFECTCODE>26451</DEFECTCODE>
    <DESCRIPTION>Arithmetic overflow: Using operator '-' on a 4 byte value and then casting the result to a 8 byte value. Cast the value to the wider type before calling operator '-' to avoid overflow (io.2).</DESCRIPTION>
    <FUNCTION>geo::Matrix::GetDeterminant</FUNCTION>
    <DECORATED>?GetDeterminant@Matrix@geo@@QEBAHXZ</DECORATED>
    <FUNCLINE>63</FUNCLINE>
    <PATH></PATH>
  </DEFECT><DEFECT>
    <SFA>
      <FILEPATH>C:\Users\The Kids\source\repos\Physics Engine\src\geometry\</FILEPATH>
      <FILENAME>Vector.cpp</FILENAME>
      <LINE>7</LINE>
      <COLUMN>9</COLUMN>
    </SFA>
    <DEFECTCODE>26495</DEFECTCODE>
    <DESCRIPTION>Variable 'geo::Vector::m_size' is uninitialized. Always initialize a member variable (type.6).</DESCRIPTION>
    <FUNCTION>geo::Vector::{ctor}</FUNCTION>
    <DECORATED>??0Vector@geo@@QEAA@XZ</DECORATED>
    <FUNCLINE>7</FUNCLINE>
    <ADDITIONALINFO>
      <targetSymbol>geo::Vector::m_size</targetSymbol>
    </ADDITIONALINFO>
    <PATH></PATH>
  </DEFECT><DEFECT>
    <SFA>
      <FILEPATH>C:\Users\The Kids\source\repos\Physics Engine\include\SFML\Graphics\</FILEPATH>
      <FILENAME>Glyph.hpp</FILENAME>
      <LINE>49</LINE>
      <COLUMN>4</COLUMN>
    </SFA>
    <DEFECTCODE>26495</DEFECTCODE>
    <DESCRIPTION>Variable 'sf::Glyph::rsbDelta' is uninitialized. Always initialize a member variable (type.6).</DESCRIPTION>
    <FUNCTION>sf::Glyph::{ctor}</FUNCTION>
    <DECORATED>??0Glyph@sf@@QEAA@XZ</DECORATED>
    <FUNCLINE>49</FUNCLINE>
    <ADDITIONALINFO>
      <targetSymbol>sf::Glyph::rsbDelta</targetSymbol>
    </ADDITIONALINFO>
    <PATH></PATH>
  </DEFECT><DEFECT>
    <SFA>
      <FILEPATH>C:\Users\The Kids\source\repos\Physics Engine\src\physics\Collision\</FILEPATH>
      <FILENAME>PolygonCollider.cpp</FILENAME>
      <LINE>127</LINE>
      <COLUMN>37</COLUMN>
    </SFA>
    <DEFECTCODE>26451</DEFECTCODE>
    <DESCRIPTION>Arithmetic overflow: Using operator '+' on a 4 byte value and then casting the result to a 8 byte value. Cast the value to the wider type before calling operator '+' to avoid overflow (io.2).</DESCRIPTION>
    <FUNCTION>physics::PolygonCollider::Contains</FUNCTION>
    <DECORATED>?Contains@PolygonCollider@physics@@UEBA_NAEBUVector2@geo@@AEBUTransform@2@@Z</DECORATED>
    <FUNCLINE>119</FUNCLINE>
    <PATH></PATH>
  </DEFECT><DEFECT>
    <SFA>
      <FILEPATH>C:\Users\The Kids\source\repos\Physics Engine\src\physics\Collision\</FILEPATH>
      <FILENAME>PolygonCollision.cpp</FILENAME>
      <LINE>50</LINE>
      <COLUMN>46</COLUMN>
    </SFA>
    <DEFECTCODE>26451</DEFECTCODE>
    <DESCRIPTION>Arithmetic overflow: Using operator '+' on a 4 byte value and then casting the result to a 8 byte value. Cast the value to the wider type before calling operator '+' to avoid overflow (io.2).</DESCRIPTION>
    <FUNCTION>physics::algo::PolygonCircleCollision</FUNCTION>
    <DECORATED>?PolygonCircleCollision@algo@physics@@YA?AUCollisionPoints@2@PEBUPolygonCollider@2@AEBUTransform@2@PEBUCircleCollider@2@1@Z</DECORATED>
    <FUNCLINE>18</FUNCLINE>
    <PATH></PATH>
  </DEFECT><DEFECT>
    <SFA>
      <FILEPATH>C:\Users\The Kids\source\repos\Physics Engine\src\physics\Collision\</FILEPATH>
      <FILENAME>PolygonCollision.cpp</FILENAME>
      <LINE>106</LINE>
      <COLUMN>27</COLUMN>
    </SFA>
    <DEFECTCODE>26451</DEFECTCODE>
    <DESCRIPTION>Arithmetic overflow: Using operator '+' on a 4 byte value and then casting the result to a 8 byte value. Cast the value to the wider type before calling operator '+' to avoid overflow (io.2).</DESCRIPTION>
    <FUNCTION>physics::algo::VectorInPolygon</FUNCTION>
    <DECORATED>?VectorInPolygon@algo@physics@@YA_NV?$vector@UVector2@geo@@V?$allocator@UVector2@geo@@@std@@@std@@AEBUVector2@geo@@@Z</DECORATED>
    <FUNCLINE>96</FUNCLINE>
    <PATH></PATH>
  </DEFECT><DEFECT>
    <SFA>
      <FILEPATH>C:\Users\The Kids\source\repos\Physics Engine\src\physics\Collision\</FILEPATH>
      <FILENAME>PolygonCollision.cpp</FILENAME>
      <LINE>320</LINE>
      <COLUMN>20</COLUMN>
    </SFA>
    <DEFECTCODE>6386</DEFECTCODE>
    <DESCRIPTION>Buffer overrun while writing to 'out'.</DESCRIPTION>
    <FUNCTION>physics::algo::Clip</FUNCTION>
    <DECORATED>?Clip@algo@physics@@YAHUVector2@geo@@NPEAU34@@Z</DECORATED>
    <FUNCLINE>303</FUNCLINE>
    <PROBABILITY>1</PROBABILITY>
    <RANK>4</RANK>
    <CATEGORY>
      <RULECATEGORY>mspft</RULECATEGORY>
    </CATEGORY>
    <PATH>
      <SFA>
        <FILEPATH>C:\Users\The Kids\source\repos\Physics Engine\src\physics\Collision\</FILEPATH>
        <FILENAME>PolygonCollision.cpp</FILENAME>
        <LINE>305</LINE>
        <COLUMN>12</COLUMN>
      </SFA>
      <SFA>
        <FILEPATH>C:\Users\The Kids\source\repos\Physics Engine\src\physics\Collision\</FILEPATH>
        <FILENAME>PolygonCollision.cpp</FILENAME>
        <LINE>306</LINE>
        <COLUMN>21</COLUMN>
        <KEYEVENT>
          <ID>1</ID>
          <KIND>declaration</KIND>
          <IMPORTANCE>Essential</IMPORTANCE>
          <MESSAGE>'out' is an array of 2 elements (32 bytes)</MESSAGE>
        </KEYEVENT>
      </SFA>
      <SFA>
        <FILEPATH>C:\Users\The Kids\source\repos\Physics Engine\src\physics\Collision\</FILEPATH>
        <FILENAME>PolygonCollision.cpp</FILENAME>
        <LINE>311</LINE>
        <COLUMN>12</COLUMN>
      </SFA>
      <SFA>
        <FILEPATH>C:\Users\The Kids\source\repos\Physics Engine\src\physics\Collision\</FILEPATH>
        <FILENAME>PolygonCollision.cpp</FILENAME>
        <LINE>312</LINE>
        <COLUMN>12</COLUMN>
      </SFA>
      <SFA>
        <FILEPATH>C:\Users\The Kids\source\repos\Physics Engine\src\physics\Collision\</FILEPATH>
        <FILENAME>PolygonCollision.cpp</FILENAME>
        <LINE>313</LINE>
        <COLUMN>15</COLUMN>
        <KEYEVENT>
          <ID>2</ID>
          <KIND>branch</KIND>
          <IMPORTANCE>Full</IMPORTANCE>
          <MESSAGE>Enter this branch, (assume 'd1&lt;=0.000000')</MESSAGE>
        </KEYEVENT>
      </SFA>
      <SFA>
        <FILEPATH>C:\Users\The Kids\source\repos\Physics Engine\src\physics\Collision\</FILEPATH>
        <FILENAME>PolygonCollision.cpp</FILENAME>
        <LINE>314</LINE>
        <COLUMN>22</COLUMN>
      </SFA>
      <SFA>
        <FILEPATH>C:\Users\The Kids\source\repos\Physics Engine\src\physics\Collision\</FILEPATH>
        <FILENAME>PolygonCollision.cpp</FILENAME>
        <LINE>315</LINE>
        <COLUMN>15</COLUMN>
        <KEYEVENT>
          <ID>3</ID>
          <KIND>branch</KIND>
          <IMPORTANCE>Full</IMPORTANCE>
          <MESSAGE>Enter this branch, (assume 'd2&lt;=0.000000')</MESSAGE>
        </KEYEVENT>
      </SFA>
      <SFA>
        <FILEPATH>C:\Users\The Kids\source\repos\Physics Engine\src\physics\Collision\</FILEPATH>
        <FILENAME>PolygonCollision.cpp</FILENAME>
        <LINE>316</LINE>
        <COLUMN>22</COLUMN>
        <KEYEVENT>
          <ID>4</ID>
          <KIND>declaration</KIND>
          <IMPORTANCE>Essential</IMPORTANCE>
          <MESSAGE>'sp' may equal 2</MESSAGE>
        </KEYEVENT>
      </SFA>
      <SFA>
        <FILEPATH>C:\Users\The Kids\source\repos\Physics Engine\src\physics\Collision\</FILEPATH>
        <FILENAME>PolygonCollision.cpp</FILENAME>
        <LINE>317</LINE>
        <COLUMN>20</COLUMN>
        <KEYEVENT>
          <ID>5</ID>
          <KIND>branch</KIND>
          <IMPORTANCE>Full</IMPORTANCE>
          <MESSAGE>Enter this branch, (assume 'd1*d2&lt;=0.000000')</MESSAGE>
        </KEYEVENT>
      </SFA>
      <SFA>
        <FILEPATH>C:\Users\The Kids\source\repos\Physics Engine\src\physics\Collision\</FILEPATH>
        <FILENAME>PolygonCollision.cpp</FILENAME>
        <LINE>319</LINE>
        <COLUMN>16</COLUMN>
      </SFA>
      <SFA>
        <FILEPATH>C:\Users\The Kids\source\repos\Physics Engine\src\physics\Collision\</FILEPATH>
        <FILENAME>PolygonCollision.cpp</FILENAME>
        <LINE>320</LINE>
        <COLUMN>20</COLUMN>
        <KEYEVENT>
          <ID>6</ID>
          <KIND>usage</KIND>
          <IMPORTANCE>Essential</IMPORTANCE>
          <MESSAGE>Invalid write to 'out[2]', (writable range is 0 to 1)</MESSAGE>
        </KEYEVENT>
      </SFA>
    </PATH>
  </DEFECT><DEFECT>
    <SFA>
      <FILEPATH>C:\Users\The Kids\source\repos\Physics Engine\src\physics\Dynamics\</FILEPATH>
      <FILENAME>Joint.cpp</FILENAME>
      <LINE>42</LINE>
      <COLUMN>13</COLUMN>
    </SFA>
    <DEFECTCODE>26495</DEFECTCODE>
    <DESCRIPTION>Variable 'physics::HingeJoint::locked' is uninitialized. Always initialize a member variable (type.6).</DESCRIPTION>
    <FUNCTION>physics::HingeJoint::{ctor}</FUNCTION>
    <DECORATED>??0HingeJoint@physics@@QEAA@PEAUDynamicbody@1@0N@Z</DECORATED>
    <FUNCLINE>42</FUNCLINE>
    <ADDITIONALINFO>
      <targetSymbol>physics::HingeJoint::locked</targetSymbol>
    </ADDITIONALINFO>
    <PATH></PATH>
  </DEFECT><DEFECT>
    <SFA>
      <FILEPATH>C:\Users\The Kids\source\repos\Physics Engine\src\physics\Dynamics\</FILEPATH>
      <FILENAME>Softbody.cpp</FILENAME>
      <LINE>25</LINE>
      <COLUMN>12</COLUMN>
    </SFA>
    <DEFECTCODE>26495</DEFECTCODE>
    <DESCRIPTION>Variable 'physics::MassPoint::radius' is uninitialized. Always initialize a member variable (type.6).</DESCRIPTION>
    <FUNCTION>physics::MassPoint::{ctor}</FUNCTION>
    <DECORATED>??0MassPoint@physics@@QEAA@XZ</DECORATED>
    <FUNCLINE>25</FUNCLINE>
    <ADDITIONALINFO>
      <targetSymbol>physics::MassPoint::radius</targetSymbol>
    </ADDITIONALINFO>
    <PATH></PATH>
  </DEFECT><DEFECT>
    <SFA>
      <FILEPATH>C:\Users\The Kids\source\repos\Physics Engine\src\physics\Dynamics\</FILEPATH>
      <FILENAME>Softbody.cpp</FILENAME>
      <LINE>69</LINE>
      <COLUMN>26</COLUMN>
    </SFA>
    <DEFECTCODE>26451</DEFECTCODE>
    <DESCRIPTION>Arithmetic overflow: Using operator '-' on a 4 byte value and then casting the result to a 8 byte value. Cast the value to the wider type before calling operator '-' to avoid overflow (io.2).</DESCRIPTION>
    <FUNCTION>physics::Softbody::{ctor}</FUNCTION>
    <DECORATED>??0Softbody@physics@@QEAA@AEBU01@@Z</DECORATED>
    <FUNCLINE>52</FUNCLINE>
    <PATH></PATH>
  </DEFECT><DEFECT>
    <SFA>
      <FILEPATH>C:\Users\The Kids\source\repos\Physics Engine\src\physics\Dynamics\</FILEPATH>
      <FILENAME>Softbody.cpp</FILENAME>
      <LINE>74</LINE>
      <COLUMN>32</COLUMN>
    </SFA>
    <DEFECTCODE>26451</DEFECTCODE>
    <DESCRIPTION>Arithmetic overflow: Using operator '+' on a 4 byte value and then casting the result to a 8 byte value. Cast the value to the wider type before calling operator '+' to avoid overflow (io.2).</DESCRIPTION>
    <FUNCTION>physics::Softbody::{ctor}</FUNCTION>
    <DECORATED>??0Softbody@physics@@QEAA@AEBU01@@Z</DECORATED>
    <FUNCLINE>52</FUNCLINE>
    <PATH></PATH>
  </DEFECT><DEFECT>
    <SFA>
      <FILEPATH>C:\Users\The Kids\source\repos\Physics Engine\src\physics\Dynamics\</FILEPATH>
      <FILENAME>Softbody.cpp</FILENAME>
      <LINE>80</LINE>
      <COLUMN>26</COLUMN>
    </SFA>
    <DEFECTCODE>26451</DEFECTCODE>
    <DESCRIPTION>Arithmetic overflow: Using operator '+' on a 4 byte value and then casting the result to a 8 byte value. Cast the value to the wider type before calling operator '+' to avoid overflow (io.2).</DESCRIPTION>
    <FUNCTION>physics::Softbody::{ctor}</FUNCTION>
    <DECORATED>??0Softbody@physics@@QEAA@AEBU01@@Z</DECORATED>
    <FUNCLINE>52</FUNCLINE>
    <PATH></PATH>
  </DEFECT><DEFECT>
    <SFA>
      <FILEPATH>C:\Users\The Kids\source\repos\Physics Engine\src\physics\Dynamics\</FILEPATH>
      <FILENAME>Softbody.cpp</FILENAME>
      <LINE>80</LINE>
      <COLUMN>36</COLUMN>
    </SFA>
    <DEFECTCODE>26451</DEFECTCODE>
    <DESCRIPTION>Arithmetic overflow: Using operator '+' on a 4 byte value and then casting the result to a 8 byte value. Cast the value to the wider type before calling operator '+' to avoid overflow (io.2).</DESCRIPTION>
    <FUNCTION>physics::Softbody::{ctor}</FUNCTION>
    <DECORATED>??0Softbody@physics@@QEAA@AEBU01@@Z</DECORATED>
    <FUNCLINE>52</FUNCLINE>
    <PATH></PATH>
  </DEFECT><DEFECT>
    <SFA>
      <FILEPATH>C:\Users\The Kids\source\repos\Physics Engine\src\physics\Dynamics\</FILEPATH>
      <FILENAME>Softbody.cpp</FILENAME>
      <LINE>85</LINE>
      <COLUMN>26</COLUMN>
    </SFA>
    <DEFECTCODE>26451</DEFECTCODE>
    <DESCRIPTION>Arithmetic overflow: Using operator '-' on a 4 byte value and then casting the result to a 8 byte value. Cast the value to the wider type before calling operator '-' to avoid overflow (io.2).</DESCRIPTION>
    <FUNCTION>physics::Softbody::{ctor}</FUNCTION>
    <DECORATED>??0Softbody@physics@@QEAA@AEBU01@@Z</DECORATED>
    <FUNCLINE>52</FUNCLINE>
    <PATH></PATH>
  </DEFECT><DEFECT>
    <SFA>
      <FILEPATH>C:\Users\The Kids\source\repos\Physics Engine\src\physics\Dynamics\</FILEPATH>
      <FILENAME>Softbody.cpp</FILENAME>
      <LINE>85</LINE>
      <COLUMN>36</COLUMN>
    </SFA>
    <DEFECTCODE>26451</DEFECTCODE>
    <DESCRIPTION>Arithmetic overflow: Using operator '+' on a 4 byte value and then casting the result to a 8 byte value. Cast the value to the wider type before calling operator '+' to avoid overflow (io.2).</DESCRIPTION>
    <FUNCTION>physics::Softbody::{ctor}</FUNCTION>
    <DECORATED>??0Softbody@physics@@QEAA@AEBU01@@Z</DECORATED>
    <FUNCLINE>52</FUNCLINE>
    <PATH></PATH>
  </DEFECT><DEFECT>
    <SFA>
      <FILEPATH>C:\Users\The Kids\source\repos\Physics Engine\src\physics\Dynamics\</FILEPATH>
      <FILENAME>Softbody.cpp</FILENAME>
      <LINE>130</LINE>
      <COLUMN>24</COLUMN>
    </SFA>
    <DEFECTCODE>26451</DEFECTCODE>
    <DESCRIPTION>Arithmetic overflow: Using operator '-' on a 4 byte value and then casting the result to a 8 byte value. Cast the value to the wider type before calling operator '-' to avoid overflow (io.2).</DESCRIPTION>
    <FUNCTION>physics::Softbody::{ctor}</FUNCTION>
    <DECORATED>??0Softbody@physics@@QEAA@AEBUTransform@1@HHAEBUSpring@1@AEBN22@Z</DECORATED>
    <FUNCLINE>98</FUNCLINE>
    <PATH></PATH>
  </DEFECT><DEFECT>
    <SFA>
      <FILEPATH>C:\Users\The Kids\source\repos\Physics Engine\src\physics\Dynamics\</FILEPATH>
      <FILENAME>Softbody.cpp</FILENAME>
      <LINE>135</LINE>
      <COLUMN>30</COLUMN>
    </SFA>
    <DEFECTCODE>26451</DEFECTCODE>
    <DESCRIPTION>Arithmetic overflow: Using operator '+' on a 4 byte value and then casting the result to a 8 byte value. Cast the value to the wider type before calling operator '+' to avoid overflow (io.2).</DESCRIPTION>
    <FUNCTION>physics::Softbody::{ctor}</FUNCTION>
    <DECORATED>??0Softbody@physics@@QEAA@AEBUTransform@1@HHAEBUSpring@1@AEBN22@Z</DECORATED>
    <FUNCLINE>98</FUNCLINE>
    <PATH></PATH>
  </DEFECT><DEFECT>
    <SFA>
      <FILEPATH>C:\Users\The Kids\source\repos\Physics Engine\src\physics\Dynamics\</FILEPATH>
      <FILENAME>Softbody.cpp</FILENAME>
      <LINE>141</LINE>
      <COLUMN>24</COLUMN>
    </SFA>
    <DEFECTCODE>26451</DEFECTCODE>
    <DESCRIPTION>Arithmetic overflow: Using operator '+' on a 4 byte value and then casting the result to a 8 byte value. Cast the value to the wider type before calling operator '+' to avoid overflow (io.2).</DESCRIPTION>
    <FUNCTION>physics::Softbody::{ctor}</FUNCTION>
    <DECORATED>??0Softbody@physics@@QEAA@AEBUTransform@1@HHAEBUSpring@1@AEBN22@Z</DECORATED>
    <FUNCLINE>98</FUNCLINE>
    <PATH></PATH>
  </DEFECT><DEFECT>
    <SFA>
      <FILEPATH>C:\Users\The Kids\source\repos\Physics Engine\src\physics\Dynamics\</FILEPATH>
      <FILENAME>Softbody.cpp</FILENAME>
      <LINE>141</LINE>
      <COLUMN>34</COLUMN>
    </SFA>
    <DEFECTCODE>26451</DEFECTCODE>
    <DESCRIPTION>Arithmetic overflow: Using operator '+' on a 4 byte value and then casting the result to a 8 byte value. Cast the value to the wider type before calling operator '+' to avoid overflow (io.2).</DESCRIPTION>
    <FUNCTION>physics::Softbody::{ctor}</FUNCTION>
    <DECORATED>??0Softbody@physics@@QEAA@AEBUTransform@1@HHAEBUSpring@1@AEBN22@Z</DECORATED>
    <FUNCLINE>98</FUNCLINE>
    <PATH></PATH>
  </DEFECT><DEFECT>
    <SFA>
      <FILEPATH>C:\Users\The Kids\source\repos\Physics Engine\src\physics\Dynamics\</FILEPATH>
      <FILENAME>Softbody.cpp</FILENAME>
      <LINE>146</LINE>
      <COLUMN>24</COLUMN>
    </SFA>
    <DEFECTCODE>26451</DEFECTCODE>
    <DESCRIPTION>Arithmetic overflow: Using operator '-' on a 4 byte value and then casting the result to a 8 byte value. Cast the value to the wider type before calling operator '-' to avoid overflow (io.2).</DESCRIPTION>
    <FUNCTION>physics::Softbody::{ctor}</FUNCTION>
    <DECORATED>??0Softbody@physics@@QEAA@AEBUTransform@1@HHAEBUSpring@1@AEBN22@Z</DECORATED>
    <FUNCLINE>98</FUNCLINE>
    <PATH></PATH>
  </DEFECT><DEFECT>
    <SFA>
      <FILEPATH>C:\Users\The Kids\source\repos\Physics Engine\src\physics\Dynamics\</FILEPATH>
      <FILENAME>Softbody.cpp</FILENAME>
      <LINE>146</LINE>
      <COLUMN>34</COLUMN>
    </SFA>
    <DEFECTCODE>26451</DEFECTCODE>
    <DESCRIPTION>Arithmetic overflow: Using operator '+' on a 4 byte value and then casting the result to a 8 byte value. Cast the value to the wider type before calling operator '+' to avoid overflow (io.2).</DESCRIPTION>
    <FUNCTION>physics::Softbody::{ctor}</FUNCTION>
    <DECORATED>??0Softbody@physics@@QEAA@AEBUTransform@1@HHAEBUSpring@1@AEBN22@Z</DECORATED>
    <FUNCLINE>98</FUNCLINE>
    <PATH></PATH>
  </DEFECT><DEFECT>
    <SFA>
      <FILEPATH>C:\Users\The Kids\source\repos\Physics Engine\src\physics\Dynamics\</FILEPATH>
      <FILENAME>Softbody.cpp</FILENAME>
      <LINE>157</LINE>
      <COLUMN>33</COLUMN>
    </SFA>
    <DEFECTCODE>26451</DEFECTCODE>
    <DESCRIPTION>Arithmetic overflow: Using operator '+' on a 4 byte value and then casting the result to a 8 byte value. Cast the value to the wider type before calling operator '+' to avoid overflow (io.2).</DESCRIPTION>
    <FUNCTION>physics::Softbody::{ctor}</FUNCTION>
    <DECORATED>??0Softbody@physics@@QEAA@AEBUTransform@1@HHAEBUSpring@1@AEBN22@Z</DECORATED>
    <FUNCLINE>98</FUNCLINE>
    <PATH></PATH>
  </DEFECT><DEFECT>
    <SFA>
      <FILEPATH>C:\Users\The Kids\source\repos\Physics Engine\src\physics\Dynamics\</FILEPATH>
      <FILENAME>Softbody.cpp</FILENAME>
      <LINE>158</LINE>
      <COLUMN>30</COLUMN>
    </SFA>
    <DEFECTCODE>26451</DEFECTCODE>
    <DESCRIPTION>Arithmetic overflow: Using operator '+' on a 4 byte value and then casting the result to a 8 byte value. Cast the value to the wider type before calling operator '+' to avoid overflow (io.2).</DESCRIPTION>
    <FUNCTION>physics::Softbody::{ctor}</FUNCTION>
    <DECORATED>??0Softbody@physics@@QEAA@AEBUTransform@1@HHAEBUSpring@1@AEBN22@Z</DECORATED>
    <FUNCLINE>98</FUNCLINE>
    <PATH></PATH>
  </DEFECT><DEFECT>
    <SFA>
      <FILEPATH>C:\Users\The Kids\source\repos\Physics Engine\src\physics\Dynamics\</FILEPATH>
      <FILENAME>Softbody.cpp</FILENAME>
      <LINE>158</LINE>
      <COLUMN>37</COLUMN>
    </SFA>
    <DEFECTCODE>26451</DEFECTCODE>
    <DESCRIPTION>Arithmetic overflow: Using operator '+' on a 4 byte value and then casting the result to a 8 byte value. Cast the value to the wider type before calling operator '+' to avoid overflow (io.2).</DESCRIPTION>
    <FUNCTION>physics::Softbody::{ctor}</FUNCTION>
    <DECORATED>??0Softbody@physics@@QEAA@AEBUTransform@1@HHAEBUSpring@1@AEBN22@Z</DECORATED>
    <FUNCLINE>98</FUNCLINE>
    <PATH></PATH>
  </DEFECT><DEFECT>
    <SFA>
      <FILEPATH>C:\Users\The Kids\source\repos\Physics Engine\src\physics\Dynamics\</FILEPATH>
      <FILENAME>Softbody.cpp</FILENAME>
      <LINE>159</LINE>
      <COLUMN>30</COLUMN>
    </SFA>
    <DEFECTCODE>26451</DEFECTCODE>
    <DESCRIPTION>Arithmetic overflow: Using operator '+' on a 4 byte value and then casting the result to a 8 byte value. Cast the value to the wider type before calling operator '+' to avoid overflow (io.2).</DESCRIPTION>
    <FUNCTION>physics::Softbody::{ctor}</FUNCTION>
    <DECORATED>??0Softbody@physics@@QEAA@AEBUTransform@1@HHAEBUSpring@1@AEBN22@Z</DECORATED>
    <FUNCLINE>98</FUNCLINE>
    <PATH></PATH>
  </DEFECT><DEFECT>
    <SFA>
      <FILEPATH>C:\Users\The Kids\source\repos\Physics Engine\src\physics\Dynamics\</FILEPATH>
      <FILENAME>Softbody.cpp</FILENAME>
      <LINE>184</LINE>
      <COLUMN>26</COLUMN>
    </SFA>
    <DEFECTCODE>26451</DEFECTCODE>
    <DESCRIPTION>Arithmetic overflow: Using operator '-' on a 4 byte value and then casting the result to a 8 byte value. Cast the value to the wider type before calling operator '-' to avoid overflow (io.2).</DESCRIPTION>
    <FUNCTION>physics::Softbody::=</FUNCTION>
    <DECORATED>??4Softbody@physics@@UEAAAEAU01@AEBU01@@Z</DECORATED>
    <FUNCLINE>171</FUNCLINE>
    <PATH></PATH>
  </DEFECT><DEFECT>
    <SFA>
      <FILEPATH>C:\Users\The Kids\source\repos\Physics Engine\src\physics\Dynamics\</FILEPATH>
      <FILENAME>Softbody.cpp</FILENAME>
      <LINE>189</LINE>
      <COLUMN>32</COLUMN>
    </SFA>
    <DEFECTCODE>26451</DEFECTCODE>
    <DESCRIPTION>Arithmetic overflow: Using operator '+' on a 4 byte value and then casting the result to a 8 byte value. Cast the value to the wider type before calling operator '+' to avoid overflow (io.2).</DESCRIPTION>
    <FUNCTION>physics::Softbody::=</FUNCTION>
    <DECORATED>??4Softbody@physics@@UEAAAEAU01@AEBU01@@Z</DECORATED>
    <FUNCLINE>171</FUNCLINE>
    <PATH></PATH>
  </DEFECT><DEFECT>
    <SFA>
      <FILEPATH>C:\Users\The Kids\source\repos\Physics Engine\src\physics\Dynamics\</FILEPATH>
      <FILENAME>Softbody.cpp</FILENAME>
      <LINE>195</LINE>
      <COLUMN>26</COLUMN>
    </SFA>
    <DEFECTCODE>26451</DEFECTCODE>
    <DESCRIPTION>Arithmetic overflow: Using operator '+' on a 4 byte value and then casting the result to a 8 byte value. Cast the value to the wider type before calling operator '+' to avoid overflow (io.2).</DESCRIPTION>
    <FUNCTION>physics::Softbody::=</FUNCTION>
    <DECORATED>??4Softbody@physics@@UEAAAEAU01@AEBU01@@Z</DECORATED>
    <FUNCLINE>171</FUNCLINE>
    <PATH></PATH>
  </DEFECT><DEFECT>
    <SFA>
      <FILEPATH>C:\Users\The Kids\source\repos\Physics Engine\src\physics\Dynamics\</FILEPATH>
      <FILENAME>Softbody.cpp</FILENAME>
      <LINE>195</LINE>
      <COLUMN>36</COLUMN>
    </SFA>
    <DEFECTCODE>26451</DEFECTCODE>
    <DESCRIPTION>Arithmetic overflow: Using operator '+' on a 4 byte value and then casting the result to a 8 byte value. Cast the value to the wider type before calling operator '+' to avoid overflow (io.2).</DESCRIPTION>
    <FUNCTION>physics::Softbody::=</FUNCTION>
    <DECORATED>??4Softbody@physics@@UEAAAEAU01@AEBU01@@Z</DECORATED>
    <FUNCLINE>171</FUNCLINE>
    <PATH></PATH>
  </DEFECT><DEFECT>
    <SFA>
      <FILEPATH>C:\Users\The Kids\source\repos\Physics Engine\src\physics\Dynamics\</FILEPATH>
      <FILENAME>Softbody.cpp</FILENAME>
      <LINE>200</LINE>
      <COLUMN>26</COLUMN>
    </SFA>
    <DEFECTCODE>26451</DEFECTCODE>
    <DESCRIPTION>Arithmetic overflow: Using operator '-' on a 4 byte value and then casting the result to a 8 byte value. Cast the value to the wider type before calling operator '-' to avoid overflow (io.2).</DESCRIPTION>
    <FUNCTION>physics::Softbody::=</FUNCTION>
    <DECORATED>??4Softbody@physics@@UEAAAEAU01@AEBU01@@Z</DECORATED>
    <FUNCLINE>171</FUNCLINE>
    <PATH></PATH>
  </DEFECT><DEFECT>
    <SFA>
      <FILEPATH>C:\Users\The Kids\source\repos\Physics Engine\src\physics\Dynamics\</FILEPATH>
      <FILENAME>Softbody.cpp</FILENAME>
      <LINE>200</LINE>
      <COLUMN>36</COLUMN>
    </SFA>
    <DEFECTCODE>26451</DEFECTCODE>
    <DESCRIPTION>Arithmetic overflow: Using operator '+' on a 4 byte value and then casting the result to a 8 byte value. Cast the value to the wider type before calling operator '+' to avoid overflow (io.2).</DESCRIPTION>
    <FUNCTION>physics::Softbody::=</FUNCTION>
    <DECORATED>??4Softbody@physics@@UEAAAEAU01@AEBU01@@Z</DECORATED>
    <FUNCLINE>171</FUNCLINE>
    <PATH></PATH>
  </DEFECT><DEFECT>
    <SFA>
      <FILEPATH>C:\Users\The Kids\source\repos\Physics Engine\src\physics\Dynamics\</FILEPATH>
      <FILENAME>Softbody.cpp</FILENAME>
      <LINE>221</LINE>
      <COLUMN>26</COLUMN>
    </SFA>
    <DEFECTCODE>26451</DEFECTCODE>
    <DESCRIPTION>Arithmetic overflow: Using operator '-' on a 4 byte value and then casting the result to a 8 byte value. Cast the value to the wider type before calling operator '-' to avoid overflow (io.2).</DESCRIPTION>
    <FUNCTION>physics::Softbody::=</FUNCTION>
    <DECORATED>??4Softbody@physics@@UEAAAEAU01@$$QEAU01@@Z</DECORATED>
    <FUNCLINE>208</FUNCLINE>
    <PATH></PATH>
  </DEFECT><DEFECT>
    <SFA>
      <FILEPATH>C:\Users\The Kids\source\repos\Physics Engine\src\physics\Dynamics\</FILEPATH>
      <FILENAME>Softbody.cpp</FILENAME>
      <LINE>226</LINE>
      <COLUMN>32</COLUMN>
    </SFA>
    <DEFECTCODE>26451</DEFECTCODE>
    <DESCRIPTION>Arithmetic overflow: Using operator '+' on a 4 byte value and then casting the result to a 8 byte value. Cast the value to the wider type before calling operator '+' to avoid overflow (io.2).</DESCRIPTION>
    <FUNCTION>physics::Softbody::=</FUNCTION>
    <DECORATED>??4Softbody@physics@@UEAAAEAU01@$$QEAU01@@Z</DECORATED>
    <FUNCLINE>208</FUNCLINE>
    <PATH></PATH>
  </DEFECT><DEFECT>
    <SFA>
      <FILEPATH>C:\Users\The Kids\source\repos\Physics Engine\src\physics\Dynamics\</FILEPATH>
      <FILENAME>Softbody.cpp</FILENAME>
      <LINE>232</LINE>
      <COLUMN>26</COLUMN>
    </SFA>
    <DEFECTCODE>26451</DEFECTCODE>
    <DESCRIPTION>Arithmetic overflow: Using operator '+' on a 4 byte value and then casting the result to a 8 byte value. Cast the value to the wider type before calling operator '+' to avoid overflow (io.2).</DESCRIPTION>
    <FUNCTION>physics::Softbody::=</FUNCTION>
    <DECORATED>??4Softbody@physics@@UEAAAEAU01@$$QEAU01@@Z</DECORATED>
    <FUNCLINE>208</FUNCLINE>
    <PATH></PATH>
  </DEFECT><DEFECT>
    <SFA>
      <FILEPATH>C:\Users\The Kids\source\repos\Physics Engine\src\physics\Dynamics\</FILEPATH>
      <FILENAME>Softbody.cpp</FILENAME>
      <LINE>232</LINE>
      <COLUMN>36</COLUMN>
    </SFA>
    <DEFECTCODE>26451</DEFECTCODE>
    <DESCRIPTION>Arithmetic overflow: Using operator '+' on a 4 byte value and then casting the result to a 8 byte value. Cast the value to the wider type before calling operator '+' to avoid overflow (io.2).</DESCRIPTION>
    <FUNCTION>physics::Softbody::=</FUNCTION>
    <DECORATED>??4Softbody@physics@@UEAAAEAU01@$$QEAU01@@Z</DECORATED>
    <FUNCLINE>208</FUNCLINE>
    <PATH></PATH>
  </DEFECT><DEFECT>
    <SFA>
      <FILEPATH>C:\Users\The Kids\source\repos\Physics Engine\src\physics\Dynamics\</FILEPATH>
      <FILENAME>Softbody.cpp</FILENAME>
      <LINE>237</LINE>
      <COLUMN>26</COLUMN>
    </SFA>
    <DEFECTCODE>26451</DEFECTCODE>
    <DESCRIPTION>Arithmetic overflow: Using operator '-' on a 4 byte value and then casting the result to a 8 byte value. Cast the value to the wider type before calling operator '-' to avoid overflow (io.2).</DESCRIPTION>
    <FUNCTION>physics::Softbody::=</FUNCTION>
    <DECORATED>??4Softbody@physics@@UEAAAEAU01@$$QEAU01@@Z</DECORATED>
    <FUNCLINE>208</FUNCLINE>
    <PATH></PATH>
  </DEFECT><DEFECT>
    <SFA>
      <FILEPATH>C:\Users\The Kids\source\repos\Physics Engine\src\physics\Dynamics\</FILEPATH>
      <FILENAME>Softbody.cpp</FILENAME>
      <LINE>237</LINE>
      <COLUMN>36</COLUMN>
    </SFA>
    <DEFECTCODE>26451</DEFECTCODE>
    <DESCRIPTION>Arithmetic overflow: Using operator '+' on a 4 byte value and then casting the result to a 8 byte value. Cast the value to the wider type before calling operator '+' to avoid overflow (io.2).</DESCRIPTION>
    <FUNCTION>physics::Softbody::=</FUNCTION>
    <DECORATED>??4Softbody@physics@@UEAAAEAU01@$$QEAU01@@Z</DECORATED>
    <FUNCLINE>208</FUNCLINE>
    <PATH></PATH>
  </DEFECT><DEFECT>
    <SFA>
      <FILEPATH>C:\Users\The Kids\source\repos\Physics Engine\src\physics\Dynamics\</FILEPATH>
      <FILENAME>Softbody.cpp</FILENAME>
      <LINE>394</LINE>
      <COLUMN>33</COLUMN>
    </SFA>
    <DEFECTCODE>26451</DEFECTCODE>
    <DESCRIPTION>Arithmetic overflow: Using operator '+' on a 4 byte value and then casting the result to a 8 byte value. Cast the value to the wider type before calling operator '+' to avoid overflow (io.2).</DESCRIPTION>
    <FUNCTION>physics::Softbody::UpdateCollider</FUNCTION>
    <DECORATED>?UpdateCollider@Softbody@physics@@QEAAXXZ</DECORATED>
    <FUNCLINE>385</FUNCLINE>
    <PATH></PATH>
  </DEFECT><DEFECT>
    <SFA>
      <FILEPATH>C:\Users\The Kids\source\repos\Physics Engine\src\physics\Dynamics\</FILEPATH>
      <FILENAME>Softbody.cpp</FILENAME>
      <LINE>395</LINE>
      <COLUMN>30</COLUMN>
    </SFA>
    <DEFECTCODE>26451</DEFECTCODE>
    <DESCRIPTION>Arithmetic overflow: Using operator '+' on a 4 byte value and then casting the result to a 8 byte value. Cast the value to the wider type before calling operator '+' to avoid overflow (io.2).</DESCRIPTION>
    <FUNCTION>physics::Softbody::UpdateCollider</FUNCTION>
    <DECORATED>?UpdateCollider@Softbody@physics@@QEAAXXZ</DECORATED>
    <FUNCLINE>385</FUNCLINE>
    <PATH></PATH>
  </DEFECT><DEFECT>
    <SFA>
      <FILEPATH>C:\Users\The Kids\source\repos\Physics Engine\src\physics\Dynamics\</FILEPATH>
      <FILENAME>Softbody.cpp</FILENAME>
      <LINE>395</LINE>
      <COLUMN>37</COLUMN>
    </SFA>
    <DEFECTCODE>26451</DEFECTCODE>
    <DESCRIPTION>Arithmetic overflow: Using operator '+' on a 4 byte value and then casting the result to a 8 byte value. Cast the value to the wider type before calling operator '+' to avoid overflow (io.2).</DESCRIPTION>
    <FUNCTION>physics::Softbody::UpdateCollider</FUNCTION>
    <DECORATED>?UpdateCollider@Softbody@physics@@QEAAXXZ</DECORATED>
    <FUNCLINE>385</FUNCLINE>
    <PATH></PATH>
  </DEFECT><DEFECT>
    <SFA>
      <FILEPATH>C:\Users\The Kids\source\repos\Physics Engine\src\physics\Dynamics\</FILEPATH>
      <FILENAME>Softbody.cpp</FILENAME>
      <LINE>396</LINE>
      <COLUMN>30</COLUMN>
    </SFA>
    <DEFECTCODE>26451</DEFECTCODE>
    <DESCRIPTION>Arithmetic overflow: Using operator '+' on a 4 byte value and then casting the result to a 8 byte value. Cast the value to the wider type before calling operator '+' to avoid overflow (io.2).</DESCRIPTION>
    <FUNCTION>physics::Softbody::UpdateCollider</FUNCTION>
    <DECORATED>?UpdateCollider@Softbody@physics@@QEAAXXZ</DECORATED>
    <FUNCLINE>385</FUNCLINE>
    <PATH></PATH>
  </DEFECT></DEFECTS>