<?xml version="1.0" encoding="UTF-8"?>
<DEFECTS>
  <DEFECT>
    <SFA>
      <FILEPATH>C:\Users\The Kids\source\repos\Physics Engine\src\geometry\</FILEPATH>
      <FILENAME>Vector.cpp</FILENAME>
      <LINE>7</LINE>
      <COLUMN>9</COLUMN>
    </SFA>
    <DEFECTCODE>26495</DEFECTCODE>
    <DESCRIPTION>Variable 'geo::Vector::m_size' is uninitialized. Always initialize a member variable (type.6).</DESCRIPTION>
    <FUNCTION>geo::Vector::{ctor}</FUNCTION>
    <DECORATED>??0Vector@geo@@QEAA@XZ</DECORATED>
    <FUNCLINE>7</FUNCLINE>
    <ADDITIONALINFO>
      <targetSymbol>geo::Vector::m_size</targetSymbol>
    </ADDITIONALINFO>
    <PATH></PATH>
  </DEFECT>
</DEFECTS>